Date,Open,High,Low,Close,Adj Close,Volume
2014-10-21,2087.92,2130.88,2087.52,2128.86,2128.86,0
2014-10-22,2140.27,2142.31,2106.82,2108.03,2108.03,0
2014-10-23,2129.37,2147.92,2125.47,2138.46,2138.46,0
2014-10-24,2147.96,2168.97,2139.49,2167.55,2167.55,0
2014-10-27,2163.99,2177.76,2153.78,2173.58,2173.58,0
2014-10-28,2182.37,2208.92,2181.71,2208.7,2208.7,0
2014-10-29,2198.51,2208.67,2182.35,2197.84,2197.84,0
2014-10-30,2195.36,2216.67,2187.54,2212.88,2212.88,0
2014-10-31,2259.25,2268.56,2253.08,2263.51,2263.51,0
2014-11-03,2264.38,2284.02,2262.79,2272.79,2272.79,0
2014-11-04,2268.85,2281.69,2259.81,2275.9,2275.9,0
2014-11-05,2288.2,2292.59,2277.52,2290.94,2290.94,0
2014-11-06,2284.37,2291.76,2273.85,2287.48,2287.48,0
2014-11-07,2287.92,2291.29,2267.92,2280.3,2280.3,0
2014-11-10,2279.07,2295.39,2277.6,2293.79,2293.79,0
2014-11-11,2291.7,2294.08,2282.86,2291.13,2291.13,0
2014-11-12,2284.31,2296.16,2280.72,2293.71,2293.71,0
2014-11-13,2298.67,2310.15,2288.76,2296.98,2296.98,0
2014-11-14,2296.71,2317.4,2289.05,2316.45,2316.45,0
2014-11-17,2308.43,2314.17,2295.65,2310.62,2310.62,0
2014-11-18,2310.11,2330.85,2310.09,2326.45,2326.45,0
2014-11-19,2321.86,2322.77,2302.8,2313.48,2313.48,0
2014-11-20,2301.81,2326.09,2297.8,2324.36,2324.36,0
2014-11-21,2349.04,2352.57,2332.56,2343.0,2343.0,0
2014-11-24,2347.34,2361.69,2343.99,2361.41,2361.41,0
2014-11-25,2364.35,2370.59,2356.98,2359.13,2359.13,0
2014-11-26,2360.57,2385.85,2360.13,2385.1,2385.1,0
2014-11-28,2390.21,2403.32,2384.69,2396.16,2396.16,0
2014-12-01,2387.37,2391.04,2362.8,2368.63,2368.63,0
2014-12-02,2367.3,2381.37,2362.64,2378.9,2378.9,0
2014-12-03,2381.12,2403.52,2377.4,2400.23,2400.23,0
2014-12-04,2400.55,2409.34,2386.97,2401.58,2401.58,0
2014-12-05,2404.57,2411.06,2400.8,2411.06,2411.06,0
2014-12-08,2401.08,2412.74,2370.58,2384.72,2384.72,0
2014-12-09,2358.77,2394.26,2353.65,2382.42,2382.42,0
2014-12-10,2381.68,2392.42,2345.93,2349.16,2349.16,0
2014-12-11,2362.84,2386.88,2356.49,2361.15,2361.15,0
2014-12-12,2340.98,2360.78,2328.98,2328.98,2328.98,0
2014-12-15,2339.63,2354.11,2302.67,2313.21,2313.21,0
2014-12-16,2298.68,2337.99,2287.79,2288.24,2288.24,0
2014-12-17,2290.26,2335.8,2283.55,2330.22,2330.22,0
2014-12-18,2365.2,2382.09,2355.72,2382.09,2382.09,0
2014-12-19,2386.28,2394.25,2375.02,2385.29,2385.29,0
2014-12-22,2393.01,2412.34,2392.94,2412.14,2412.14,0
2014-12-23,2422.95,2426.26,2412.83,2413.03,2413.03,0
2014-12-24,2419.01,2422.17,2412.37,2413.98,2413.98,0
2014-12-26,2419.1,2423.64,2414.99,2416.44,2416.44,0
2014-12-29,2412.8,2413.88,2404.03,2405.17,2405.17,0
2014-12-30,2397.27,2403.29,2387.07,2390.72,2390.72,0
2014-12-31,2399.08,2405.62,2366.24,2367.85,2367.85,0
2015-01-02,2379.03,2387.81,2347.27,2365.38,2365.38,0
2015-01-05,2354.9,2359.2,2321.57,2327.11,2327.11,0
2015-01-06,2330.57,2330.61,2274.29,2283.38,2283.38,0
2015-01-07,2291.59,2310.48,2284.14,2300.44,2300.44,0
2015-01-08,2320.29,2359.81,2320.29,2354.94,2354.94,0
2015-01-09,2359.96,2368.66,2331.98,2350.07,2350.07,0
2015-01-12,2341.58,2343.46,2305.16,2314.4,2314.4,0
2015-01-13,2334.19,2359.21,2282.3,2298.74,2298.74,0
2015-01-14,2276.36,2300.1,2263.55,2285.53,2285.53,0
2015-01-15,2295.8,2302.62,2255.92,2257.67,2257.67,0
2015-01-16,2254.76,2294.39,2248.32,2292.43,2292.43,0
2015-01-20,2304.39,2314.56,2279.77,2306.42,2306.42,0
2015-01-21,2296.33,2325.21,2290.08,2317.68,2317.68,0
2015-01-22,2315.07,2347.86,2285.6,2344.62,2344.62,0
2015-01-23,2335.3,2351.49,2330.95,2343.3,2343.3,0
2015-01-26,2331.14,2336.75,2315.04,2333.05,2333.05,0
2015-01-27,2298.13,2301.41,2265.65,2278.09,2278.09,0
2015-01-28,2306.61,2310.86,2254.95,2254.95,2254.95,0
2015-01-29,2248.55,2276.4,2232.14,2271.71,2271.71,0
2015-01-30,2252.97,2270.01,2227.06,2229.54,2229.54,0
2015-02-02,2236.37,2246.61,2194.16,2243.15,2243.15,0
2015-02-03,2251.26,2280.96,2248.74,2280.5,2280.5,0
2015-02-04,2278.4,2301.97,2278.36,2286.83,2286.83,0
2015-02-05,2293.48,2304.17,2284.99,2303.32,2303.32,0
2015-02-06,2304.13,2318.59,2284.0,2290.92,2290.92,0
2015-02-09,2281.47,2291.09,2275.12,2281.18,2281.18,0
2015-02-10,2296.97,2329.04,2289.08,2327.52,2327.52,0
2015-02-11,2326.89,2341.06,2323.85,2334.59,2334.59,0
2015-02-12,2344.55,2372.91,2343.74,2372.83,2372.83,0
2015-02-13,2379.41,2394.36,2379.19,2394.36,2394.36,0
2015-02-17,2390.8,2395.04,2380.58,2394.76,2394.76,0
2015-02-18,2382.81,2392.52,2376.11,2387.71,2387.71,0
2015-02-19,2385.46,2400.66,2383.01,2398.97,2398.97,0
2015-02-20,2394.55,2419.02,2388.89,2417.9,2417.9,0
2015-02-23,2415.36,2415.48,2395.96,2403.95,2403.95,0
2015-02-24,2397.98,2415.9,2388.83,2414.45,2414.45,0
2015-02-25,2410.55,2415.55,2400.79,2406.32,2406.32,0
2015-02-26,2418.27,2427.54,2407.36,2417.68,2417.68,0
2015-02-27,2417.49,2425.26,2410.51,2411.99,2411.99,0
2015-03-02,2426.34,2450.27,2423.57,2450.27,2450.27,0
2015-03-03,2435.57,2436.65,2405.9,2409.77,2409.77,0
2015-03-04,2399.34,2407.31,2383.29,2405.29,2405.29,0
2015-03-05,2409.99,2420.53,2403.05,2416.27,2416.27,0
2015-03-06,2407.27,2411.85,2378.84,2383.28,2383.28,0
2015-03-09,2385.42,2394.14,2380.54,2389.56,2389.56,0
2015-03-10,2369.98,2374.07,2345.51,2345.51,2345.51,0
2015-03-11,2350.24,2360.37,2339.29,2341.03,2341.03,0
2015-03-12,2327.31,2353.33,2327.12,2352.49,2352.49,0
2015-03-13,2351.03,2358.82,2332.11,2350.33,2350.33,0
2015-03-16,2364.14,2385.59,2362.56,2384.35,2384.35,0
2015-03-17,2370.92,2381.05,2364.03,2376.42,2376.42,0
2015-03-18,2368.51,2412.05,2355.79,2400.89,2400.89,0
2015-03-19,2401.0,2413.03,2397.52,2407.73,2407.73,0
2015-03-20,2426.58,2438.29,2419.28,2431.81,2431.81,0
2015-03-23,2430.2,2431.37,2418.34,2418.34,2418.34,0
2015-03-24,2418.08,2422.96,2401.83,2401.92,2401.92,0
2015-03-25,2400.01,2400.75,2320.22,2321.08,2321.08,0
2015-03-26,2279.86,2317.11,2272.73,2304.0,2304.0,0
2015-03-27,2305.25,2346.19,2296.03,2340.35,2340.35,0
2015-03-30,2370.59,2380.99,2359.5,2378.89,2378.89,0
2015-03-31,2364.15,2369.48,2351.73,2352.36,2352.36,0
2015-04-01,2342.76,2349.03,2325.9,2342.71,2342.71,0
2015-04-02,2342.82,2356.38,2337.76,2342.56,2342.56,0
2015-04-06,2319.14,2359.26,2316.24,2355.06,2355.06,0
2015-04-07,2353.28,2372.52,2352.88,2354.05,2354.05,0
2015-04-08,2353.5,2377.76,2353.19,2372.97,2372.97,0
2015-04-09,2365.54,2394.72,2364.14,2393.45,2393.45,0
2015-04-10,2387.62,2405.43,2386.78,2405.19,2405.19,0
2015-04-13,2404.18,2413.43,2387.12,2388.12,2388.12,0
2015-04-14,2387.71,2391.65,2368.57,2380.41,2380.41,0
2015-04-15,2389.75,2413.52,2389.71,2406.37,2406.37,0
2015-04-16,2390.07,2401.02,2388.7,2398.38,2398.38,0
2015-04-17,2375.89,2379.41,2359.19,2366.25,2366.25,0
2015-04-20,2378.23,2400.74,2377.9,2394.46,2394.46,0
2015-04-21,2420.55,2425.02,2402.14,2407.74,2407.74,0
2015-04-22,2417.89,2429.53,2401.91,2427.2,2427.2,0
2015-04-23,2403.2,2430.17,2402.81,2418.66,2418.66,0
2015-04-24,2423.69,2423.69,2403.56,2409.6,2409.6,0
2015-04-27,2411.18,2426.57,2404.11,2408.55,2408.55,0
2015-04-28,2409.08,2420.25,2390.22,2414.18,2414.18,0
2015-04-29,2391.29,2408.2,2381.18,2398.84,2398.84,0
2015-04-30,2386.05,2395.7,2358.6,2370.22,2370.22,0
2015-05-01,2387.48,2412.31,2386.59,2409.84,2409.84,0
2015-05-04,2413.63,2420.55,2409.09,2410.85,2410.85,0
2015-05-05,2397.56,2400.3,2364.57,2368.5,2368.5,0
2015-05-06,2374.47,2380.92,2341.29,2356.29,2356.29,0
2015-05-07,2362.76,2378.53,2359.33,2373.69,2373.69,0
2015-05-08,2387.02,2400.76,2385.91,2394.23,2394.23,0
2015-05-11,2389.77,2397.73,2386.72,2387.7,2387.7,0
2015-05-12,2376.63,2384.39,2356.91,2372.92,2372.92,0
2015-05-13,2377.92,2396.34,2377.73,2385.79,2385.79,0
2015-05-14,2402.62,2423.01,2401.34,2420.23,2420.23,0
2015-05-15,2424.05,2429.91,2409.31,2412.26,2412.26,0
2015-05-18,2414.09,2427.94,2407.39,2425.36,2425.36,0
2015-05-19,2428.86,2433.35,2410.77,2412.82,2412.82,0
2015-05-20,2415.25,2432.42,2411.39,2416.38,2416.38,0
2015-05-21,2407.42,2425.71,2402.22,2421.41,2421.41,0
2015-05-22,2420.62,2435.45,2420.62,2427.45,2427.45,0
2015-05-26,2420.49,2421.11,2389.31,2399.01,2399.01,0
2015-05-27,2403.54,2461.4,2400.8,2456.23,2456.23,0
2015-05-28,2455.43,2467.48,2450.48,2458.68,2458.68,0
2015-05-29,2461.68,2468.15,2443.33,2449.37,2449.37,0
2015-06-01,2464.06,2466.67,2444.01,2460.12,2460.12,0
2015-06-02,2451.38,2460.15,2440.46,2448.22,2448.22,0
2015-06-03,2458.73,2463.68,2444.85,2446.51,2446.51,0
2015-06-04,2435.51,2445.05,2419.3,2424.85,2424.85,0
2015-06-05,2421.64,2431.99,2407.39,2426.43,2426.43,0
2015-06-08,2425.26,2426.02,2386.97,2391.11,2391.11,0
2015-06-09,2386.54,2391.08,2368.23,2384.79,2384.79,0
2015-06-10,2396.84,2424.32,2393.74,2418.52,2418.52,0
2015-06-11,2427.8,2430.87,2417.31,2419.08,2419.08,0
2015-06-12,2406.83,2413.1,2397.86,2400.46,2400.46,0
2015-06-15,2377.87,2387.47,2366.26,2385.13,2385.13,0
2015-06-16,2379.73,2398.2,2379.17,2394.76,2394.76,0
2015-06-17,2399.41,2407.51,2387.08,2399.09,2399.09,0
2015-06-18,2406.36,2434.15,2406.28,2428.04,2428.04,0
2015-06-19,2431.52,2431.55,2410.02,2414.77,2414.77,0
2015-06-22,2427.49,2434.6,2421.83,2431.1,2431.1,0
2015-06-23,2435.76,2436.28,2417.7,2423.35,2423.35,0
2015-06-24,2419.28,2422.38,2401.63,2403.15,2403.15,0
2015-06-25,2410.2,2411.49,2390.64,2394.83,2394.83,0
2015-06-26,2376.37,2381.66,2347.53,2355.89,2355.89,0
2015-06-29,2324.25,2339.89,2298.12,2299.47,2299.47,0
2015-06-30,2316.46,2316.86,2294.37,2298.79,2298.79,0
2015-07-01,2318.8,2324.91,2300.26,2307.6,2307.6,0
2015-07-02,2312.69,2315.02,2301.74,2311.26,2311.26,0
2015-07-06,2289.0,2308.31,2277.43,2286.32,2286.32,0
2015-07-07,2283.81,2294.75,2235.38,2289.7,2289.7,0
2015-07-08,2267.16,2272.44,2246.25,2249.94,2249.94,0
2015-07-09,2282.27,2286.32,2241.22,2241.22,2241.22,0
2015-07-10,2266.28,2273.53,2254.08,2266.21,2266.21,0
2015-07-13,2281.76,2298.13,2275.07,2294.04,2294.04,0
2015-07-14,2304.33,2318.59,2302.06,2312.03,2312.03,0
2015-07-15,2310.88,2313.37,2296.41,2303.06,2303.06,0
2015-07-16,2308.59,2309.55,2295.34,2309.52,2309.52,0
2015-07-17,2314.84,2322.86,2310.05,2321.69,2321.69,0
2015-07-20,2325.24,2325.43,2312.43,2314.05,2314.05,0
2015-07-21,2314.91,2328.12,2312.9,2317.47,2317.47,0
2015-07-22,2287.01,2299.56,2282.69,2294.61,2294.61,0
2015-07-23,2302.91,2334.98,2302.8,2311.6,2311.6,0
2015-07-24,2317.88,2317.96,2276.13,2280.63,2280.63,0
2015-07-27,2264.0,2273.09,2252.03,2257.47,2257.47,0
2015-07-28,2256.5,2286.13,2238.23,2279.94,2279.94,0
2015-07-29,2275.32,2298.15,2267.0,2295.18,2295.18,0
2015-07-30,2295.32,2318.32,2287.63,2312.18,2312.18,0
2015-07-31,2316.14,2316.14,2296.44,2298.79,2298.79,0
2015-08-03,2301.3,2304.04,2282.4,2297.1,2297.1,0
2015-08-04,2291.86,2299.97,2278.55,2288.8,2288.8,0
2015-08-05,2301.7,2326.26,2301.67,2313.84,2313.84,0
2015-08-06,2317.34,2319.01,2277.8,2285.47,2285.47,0
2015-08-07,2283.36,2295.73,2277.07,2293.38,2293.38,0
2015-08-10,2309.64,2337.8,2309.23,2334.93,2334.93,0
2015-08-11,2316.57,2316.61,2281.57,2292.69,2292.69,0
2015-08-12,2265.73,2305.18,2250.56,2296.87,2296.87,0
2015-08-13,2298.0,2303.9,2283.21,2283.89,2283.89,0
2015-08-14,2280.3,2292.9,2274.73,2288.66,2288.66,0
2015-08-17,2276.79,2306.2,2269.52,2305.49,2305.49,0
2015-08-18,2298.7,2300.05,2278.0,2281.26,2281.26,0
2015-08-19,2275.6,2282.13,2247.6,2258.73,2258.73,0
2015-08-20,2237.26,2241.36,2191.24,2191.24,2191.24,0
2015-08-21,2158.32,2188.52,2122.37,2122.37,2122.37,0
2015-08-24,1977.56,2126.97,1953.85,2050.42,2050.42,0
2015-08-25,2107.0,2118.34,2023.11,2023.12,2023.12,0
2015-08-26,2080.23,2119.6,2040.2,2116.19,2116.19,0
2015-08-27,2145.99,2183.28,2135.99,2178.75,2178.75,0
2015-08-28,2167.14,2187.83,2165.94,2181.72,2181.72,0
2015-08-31,2166.7,2186.25,2152.69,2168.15,2168.15,0
2015-09-01,2115.84,2144.8,2091.6,2102.66,2102.66,0
2015-09-02,2136.07,2145.29,2106.18,2145.22,2145.22,0
2015-09-03,2152.01,2179.89,2146.81,2152.79,2152.79,0
2015-09-04,2118.98,2138.59,2109.84,2118.1,2118.1,0
2015-09-08,2165.78,2192.84,2163.71,2191.14,2191.14,0
2015-09-09,2209.13,2218.14,2156.64,2161.58,2161.58,0
2015-09-10,2157.13,2193.17,2147.61,2175.48,2175.48,0
2015-09-11,2161.31,2181.19,2155.94,2181.19,2181.19,0
2015-09-14,2186.2,2188.43,2171.66,2178.47,2178.47,0
2015-09-15,2184.88,2209.54,2181.25,2203.08,2203.08,0
2015-09-16,2198.74,2219.15,2195.26,2216.64,2216.64,0
2015-09-17,2210.8,2234.45,2197.22,2200.97,2200.97,0
2015-09-18,2170.04,2194.35,2160.16,2166.47,2166.47,0
2015-09-21,2174.24,2191.56,2158.69,2173.36,2173.36,0
2015-09-22,2141.92,2141.92,2119.07,2131.09,2131.09,0
2015-09-23,2135.81,2141.63,2116.34,2122.13,2122.13,0
2015-09-24,2106.26,2130.96,2081.41,2119.8,2119.8,0
2015-09-25,2140.12,2149.39,2103.22,2118.4,2118.4,0
2015-09-28,2110.52,2114.76,2067.18,2067.89,2067.89,0
2015-09-29,2072.26,2095.16,2056.49,2070.7,2070.7,0
2015-09-30,2103.55,2136.43,2103.09,2134.81,2134.81,0
2015-10-01,2136.37,2137.08,2090.91,2121.32,2121.32,0
2015-10-02,2095.91,2162.6,2093.13,2162.56,2162.56,0
2015-10-05,2178.26,2214.51,2173.76,2206.21,2206.21,0
2015-10-06,2200.8,2216.23,2188.01,2212.49,2212.49,0
2015-10-07,2225.61,2238.42,2194.7,2229.87,2229.87,0
2015-10-08,2224.33,2249.14,2212.89,2246.05,2246.05,0
2015-10-09,2244.48,2255.17,2237.9,2253.32,2253.32,0
2015-10-12,2257.46,2258.11,2243.21,2256.49,2256.49,0
2015-10-13,2241.4,2258.67,2234.73,2236.21,2236.21,0
2015-10-14,2247.53,2280.28,2240.55,2266.61,2266.61,0
2015-10-15,2264.83,2282.55,2255.39,2277.36,2277.36,0
2015-10-16,2275.66,2283.42,2264.03,2283.21,2283.21,0
2015-10-19,2279.23,2291.95,2274.61,2287.66,2287.66,0
2015-10-20,2286.15,2288.38,2269.93,2278.92,2278.92,0
2015-10-21,2301.67,2306.2,2268.04,2269.33,2269.33,0
2015-10-22,2299.92,2337.98,2299.92,2335.42,2335.42,0
2015-10-23,2361.86,2376.8,2350.65,2370.44,2370.44,0
2015-10-26,2370.69,2370.79,2346.26,2353.61,2353.61,0
2015-10-27,2349.43,2362.26,2349.43,2355.51,2355.51,0
2015-10-28,2354.02,2374.55,2343.91,2374.55,2374.55,0
2015-10-29,2341.91,2345.34,2329.7,2332.84,2332.84,0
2015-10-30,2338.14,2353.99,2338.14,2346.66,2346.66,0
2015-11-02,2349.56,2368.25,2347.93,2366.45,2366.45,0
2015-11-03,2360.41,2383.63,2359.59,2374.49,2374.49,0
2015-11-04,2373.35,2375.28,2359.25,2371.52,2371.52,0
2015-11-05,2378.67,2382.58,2352.29,2361.53,2361.53,0
2015-11-06,2368.45,2389.7,2362.62,2389.7,2389.7,0
2015-11-09,2378.01,2378.26,2351.17,2362.5,2362.5,0
2015-11-10,2343.74,2348.07,2331.46,2342.38,2342.38,0
2015-11-11,2351.09,2355.67,2333.67,2336.47,2336.47,0
2015-11-12,2324.5,2340.8,2309.65,2310.09,2310.09,0
2015-11-13,2302.1,2306.9,2269.21,2270.37,2270.37,0
2015-11-16,2271.94,2301.78,2270.53,2301.11,2301.11,0
2015-11-17,2302.69,2323.74,2296.44,2305.08,2305.08,0
2015-11-18,2306.01,2332.25,2299.84,2330.7,2330.7,0
2015-11-19,2333.56,2347.28,2328.27,2335.84,2335.84,0
2015-11-20,2348.2,2351.18,2339.57,2345.33,2345.33,0
2015-11-23,2344.39,2349.52,2327.27,2332.76,2332.76,0
2015-11-24,2324.87,2351.26,2317.19,2346.76,2346.76,0
2015-11-25,2346.32,2355.29,2339.54,2344.42,2344.42,0
2015-11-27,2344.89,2357.76,2344.88,2353.62,2353.62,0
2015-11-30,2358.83,2374.69,2355.98,2373.34,2373.34,0
2015-12-01,2378.43,2401.51,2378.16,2401.47,2401.47,0
2015-12-02,2403.32,2412.17,2379.97,2383.61,2383.61,0
2015-12-03,2400.39,2402.68,2343.9,2355.12,2355.12,0
2015-12-04,2359.04,2403.6,2352.35,2398.95,2398.95,0
2015-12-07,2394.53,2394.53,2373.94,2380.51,2380.51,0
2015-12-08,2355.2,2387.49,2350.97,2379.58,2379.58,0
2015-12-09,2372.51,2382.58,2331.07,2343.0,2343.0,0
2015-12-10,2344.8,2368.3,2341.07,2352.43,2352.43,0
2015-12-11,2324.95,2328.12,2300.55,2302.67,2302.67,0
2015-12-14,2305.82,2310.19,2272.22,2297.39,2297.39,0
2015-12-15,2315.26,2344.41,2311.52,2327.79,2327.79,0
2015-12-16,2344.3,2355.94,2318.43,2352.25,2352.25,0
2015-12-17,2362.44,2364.9,2312.5,2312.91,2312.91,0
2015-12-18,2303.43,2309.67,2273.78,2274.48,2274.48,0
2015-12-21,2292.3,2305.6,2285.9,2305.29,2305.29,0
2015-12-22,2311.29,2321.6,2296.25,2319.28,2319.28,0
2015-12-23,2323.25,2338.61,2322.6,2336.45,2336.45,0
2015-12-24,2336.49,2347.08,2336.3,2339.17,2339.17,0
2015-12-28,2330.9,2335.63,2310.29,2335.38,2335.38,0
2015-12-29,2346.9,2372.21,2346.36,2365.65,2365.65,0
2015-12-30,2363.57,2366.52,2345.31,2345.7,2345.7,0
2015-12-31,2337.94,2338.46,2312.3,2312.47,2312.47,0
2016-01-04,2261.13,2278.2,2245.58,2277.96,2277.96,0
2016-01-05,2285.02,2290.45,2265.83,2271.02,2271.02,0
2016-01-06,2230.87,2241.86,2207.39,2223.15,2223.15,0
2016-01-07,2171.13,2202.64,2150.51,2153.62,2153.62,0
2016-01-08,2163.26,2171.77,2121.31,2123.67,2123.67,0
2016-01-11,2140.85,2144.12,2092.18,2119.08,2119.08,0
2016-01-12,2142.55,2158.49,2116.85,2145.7,2145.7,0
2016-01-13,2152.87,2164.99,2073.68,2078.35,2078.35,0
2016-01-14,2087.59,2131.36,2054.42,2119.1,2119.1,0
2016-01-15,2035.47,2061.22,2008.58,2039.41,2039.41,0
2016-01-19,2073.3,2075.63,2013.41,2032.66,2032.66,0
2016-01-20,2006.71,2048.74,1966.27,2029.81,2029.81,0
2016-01-21,2046.98,2071.45,2018.05,2039.08,2039.08,0
2016-01-22,2082.44,2089.15,2066.42,2082.96,2082.96,0
2016-01-25,2075.73,2079.55,2041.39,2044.64,2044.64,0
2016-01-26,2051.87,2083.78,2042.18,2073.49,2073.49,0
2016-01-27,2066.78,2081.98,2027.49,2036.81,2036.81,0
2016-01-28,2068.42,2073.3,2036.5,2053.45,2053.45,0
2016-01-29,2081.02,2137.58,2081.02,2137.58,2137.58,0
2016-02-01,2123.05,2154.13,2114.57,2145.44,2145.44,0
2016-02-02,2123.97,2124.28,2072.44,2080.49,2080.49,0
2016-02-03,2096.71,2104.25,2050.23,2092.02,2092.02,0
2016-02-04,2094.56,2129.89,2083.19,2111.44,2111.44,0
2016-02-05,2102.88,2104.4,2029.79,2037.17,2037.17,0
2016-02-08,1999.5,1999.92,1945.1,1979.72,1979.72,0
2016-02-09,1956.35,2003.01,1945.94,1960.23,1960.23,0
2016-02-10,1991.38,2017.29,1975.29,1977.0,1977.0,0
2016-02-11,1946.77,1982.65,1942.62,1970.32,1970.32,0
2016-02-12,1989.9,2014.2,1967.64,2012.88,2012.88,0
2016-02-16,2039.25,2074.76,2038.72,2071.04,2071.04,0
2016-02-17,2078.07,2119.47,2077.08,2116.24,2116.24,0
2016-02-18,2128.07,2129.17,2103.93,2108.31,2108.31,0
2016-02-19,2105.02,2127.03,2098.86,2120.29,2120.29,0
2016-02-22,2144.77,2160.2,2143.82,2153.58,2153.58,0
2016-02-23,2136.12,2142.1,2108.22,2110.59,2110.59,0
2016-02-24,2085.36,2137.53,2071.32,2134.94,2134.94,0
2016-02-25,2137.56,2157.6,2116.22,2157.55,2157.55,0
2016-02-26,2179.21,2180.47,2159.13,2165.36,2165.36,0
2016-02-29,2163.67,2182.98,2152.8,2153.02,2153.02,0
2016-03-01,2172.17,2220.51,2166.16,2220.51,2220.51,0
2016-03-02,2216.47,2227.77,2211.67,2227.14,2227.14,0
2016-03-03,2224.85,2229.8,2207.81,2228.35,2228.35,0
2016-03-04,2236.11,2255.83,2220.67,2240.8,2240.8,0
2016-03-07,2226.79,2259.57,2222.55,2248.2,2248.2,0
2016-03-08,2229.81,2232.85,2203.87,2206.1,2206.1,0
2016-03-09,2217.92,2234.48,2209.86,2230.27,2230.27,0
2016-03-10,2237.97,2258.06,2198.32,2231.83,2231.83,0
2016-03-11,2257.02,2277.59,2252.04,2277.37,2277.37,0
2016-03-14,2266.08,2275.68,2264.14,2269.1,2269.1,0
2016-03-15,2263.03,2263.42,2246.5,2260.58,2260.58,0
2016-03-16,2251.6,2287.69,2250.96,2284.79,2284.79,0
2016-03-17,2281.76,2303.08,2276.92,2297.19,2297.19,0
2016-03-18,2305.24,2324.58,2305.09,2323.84,2323.84,0
2016-03-21,2317.37,2331.01,2312.09,2330.33,2330.33,0
2016-03-22,2318.84,2345.38,2316.8,2338.42,2338.42,0
2016-03-23,2335.66,2336.0,2298.46,2302.33,2302.33,0
2016-03-24,2288.18,2297.91,2275.28,2297.85,2297.85,0
2016-03-28,2303.49,2304.52,2287.58,2294.6,2294.6,0
2016-03-29,2284.5,2328.58,2281.16,2324.42,2324.42,0
2016-03-30,2337.53,2350.82,2330.36,2337.86,2337.86,0
2016-03-31,2334.42,2349.48,2331.34,2342.09,2342.09,0
2016-04-01,2323.7,2353.4,2315.14,2353.0,2353.0,0
2016-04-04,2350.99,2355.24,2333.77,2338.45,2338.45,0
2016-04-05,2317.85,2324.97,2307.49,2310.69,2310.69,0
2016-04-06,2309.13,2339.46,2299.11,2339.1,2339.1,0
2016-04-07,2325.26,2327.29,2294.15,2302.9,2302.9,0
2016-04-08,2323.61,2331.43,2301.05,2308.79,2308.79,0
2016-04-11,2325.04,2341.18,2304.96,2305.32,2305.32,0
2016-04-12,2310.35,2310.46,2278.3,2304.56,2304.56,0
2016-04-13,2319.3,2350.09,2318.58,2347.68,2347.68,0
2016-04-14,2328.49,2329.9,2310.4,2323.55,2323.55,0
2016-04-15,2316.98,2320.47,2303.53,2307.07,2307.07,0
2016-04-18,2297.37,2320.94,2293.33,2319.27,2319.27,0
2016-04-19,2325.76,2326.23,2288.53,2302.91,2302.91,0
2016-04-20,2301.6,2325.64,2294.78,2315.28,2315.28,0
2016-04-21,2323.11,2326.21,2306.98,2310.39,2310.39,0
2016-04-22,2299.48,2312.14,2278.26,2294.29,2294.29,0
2016-04-25,2289.02,2298.3,2282.68,2293.73,2293.73,0
2016-04-26,2306.88,2324.92,2304.94,2313.2,2313.2,0
2016-04-27,2301.13,2326.29,2291.46,2323.14,2323.14,0
2016-04-28,2310.36,2330.97,2275.18,2279.43,2279.43,0
2016-04-29,2262.6,2263.48,2215.21,2231.13,2231.13,0
2016-05-02,2229.2,2237.79,2216.04,2235.43,2235.43,0
2016-05-03,2214.69,2218.36,2199.1,2207.35,2207.35,0
2016-05-04,2194.88,2203.61,2183.37,2190.07,2190.07,0
2016-05-05,2202.74,2208.04,2188.47,2190.78,2190.78,0
2016-05-06,2178.35,2197.94,2170.69,2197.83,2197.83,0
2016-05-09,2196.33,2207.78,2190.42,2196.94,2196.94,0
2016-05-10,2202.56,2227.3,2195.5,2226.88,2226.88,0
2016-05-11,2220.95,2232.25,2210.69,2210.87,2210.87,0
2016-05-12,2223.9,2225.72,2177.82,2196.29,2196.29,0
2016-05-13,2199.79,2222.15,2198.45,2202.98,2202.98,0
2016-05-16,2208.54,2248.38,2206.91,2236.96,2236.96,0
2016-05-17,2233.15,2247.53,2219.06,2224.52,2224.52,0
2016-05-18,2218.09,2259.57,2217.91,2246.72,2246.72,0
2016-05-19,2238.73,2251.29,2218.02,2236.24,2236.24,0
2016-05-20,2256.16,2285.87,2256.16,2282.83,2282.83,0
2016-05-23,2288.24,2301.69,2287.83,2288.61,2288.61,0
2016-05-24,2304.26,2350.21,2304.21,2348.6,2348.6,0
2016-05-25,2356.01,2364.27,2347.92,2354.59,2354.59,0
2016-05-26,2351.52,2367.11,2350.21,2364.43,2364.43,0
2016-05-27,2363.87,2382.92,2361.82,2382.71,2382.71,0
2016-05-31,2388.3,2393.53,2378.43,2392.01,2392.01,0
2016-06-01,2378.17,2397.41,2374.51,2393.63,2393.63,0
2016-06-02,2385.9,2397.88,2378.21,2397.88,2397.88,0
2016-06-03,2395.13,2397.4,2371.66,2384.06,2384.06,0
2016-06-06,2387.75,2393.59,2378.82,2383.75,2383.75,0
2016-06-07,2392.66,2401.46,2389.71,2396.7,2396.7,0
2016-06-08,2398.84,2402.83,2390.92,2398.69,2398.69,0
2016-06-09,2384.8,2398.23,2378.96,2395.11,2395.11,0
2016-06-10,2374.11,2374.32,2347.99,2354.25,2354.25,0
2016-06-13,2343.38,2370.51,2341.45,2343.4,2343.4,0
2016-06-14,2339.05,2355.26,2328.48,2347.53,2347.53,0
2016-06-15,2353.91,2357.27,2342.43,2344.54,2344.54,0
2016-06-16,2329.99,2354.07,2313.32,2351.66,2351.66,0
2016-06-17,2343.91,2348.86,2322.19,2333.73,2333.73,0
2016-06-20,2369.32,2383.24,2359.16,2361.17,2361.17,0
2016-06-21,2367.39,2381.01,2366.25,2376.48,2376.48,0
2016-06-22,2374.48,2390.49,2366.48,2368.64,2368.64,0
2016-06-23,2395.95,2426.06,2392.75,2426.05,2426.05,0
2016-06-24,2321.48,2365.44,2301.4,2302.94,2302.94,0
2016-06-27,2277.75,2278.42,2206.18,2217.97,2217.97,0
2016-06-28,2249.34,2276.31,2248.72,2274.04,2274.04,0
2016-06-29,2298.28,2334.02,2292.93,2327.82,2327.82,0
2016-06-30,2334.43,2367.33,2326.42,2367.31,2367.31,0
2016-07-01,2350.97,2362.4,2347.75,2350.32,2350.32,0
2016-07-05,2333.97,2334.23,2303.37,2317.21,2317.21,0
2016-07-06,2302.76,2332.05,2289.07,2329.45,2329.45,0
2016-07-07,2338.67,2362.7,2338.44,2351.78,2351.78,0
2016-07-08,2367.74,2400.91,2363.15,2399.4,2399.4,0
2016-07-11,2410.76,2427.11,2410.76,2420.06,2420.06,0
2016-07-12,2453.45,2464.28,2449.41,2461.75,2461.75,0
2016-07-13,2468.51,2476.49,2460.98,2463.96,2463.96,0
2016-07-14,2482.7,2483.36,2469.21,2474.66,2474.66,0
2016-07-15,2472.43,2476.47,2461.76,2467.95,2467.95,0
2016-07-18,2476.21,2493.58,2476.21,2490.51,2490.51,0
2016-07-19,2484.1,2491.14,2475.12,2480.79,2480.79,0
2016-07-20,2491.23,2516.24,2486.13,2512.68,2512.68,0
2016-07-21,2512.28,2518.09,2489.78,2496.5,2496.5,0
2016-07-22,2494.85,2511.71,2481.24,2511.71,2511.71,0
2016-07-25,2515.15,2519.46,2509.05,2519.46,2519.46,0
2016-07-26,2527.37,2581.09,2527.22,2577.53,2577.53,0
2016-07-27,2578.99,2580.71,2549.93,2563.96,2563.96,0
2016-07-28,2562.0,2572.5,2553.39,2565.56,2565.56,0
2016-07-29,2560.07,2560.82,2536.06,2546.0,2546.0,0
2016-08-01,2548.58,2555.49,2539.51,2549.33,2549.33,0
2016-08-02,2545.36,2548.76,2496.74,2510.43,2510.43,0
2016-08-03,2508.37,2523.89,2504.8,2523.89,2523.89,0
2016-08-04,2527.28,2543.48,2525.79,2541.6,2541.6,0
2016-08-05,2555.31,2581.82,2555.31,2579.49,2579.49,0
2016-08-08,2584.21,2590.56,2572.11,2576.27,2576.27,0
2016-08-09,2580.23,2589.55,2579.18,2581.97,2581.97,0
2016-08-10,2584.69,2584.69,2564.11,2570.48,2570.48,0
2016-08-11,2580.97,2593.21,2576.59,2589.61,2589.61,0
2016-08-12,2591.38,2605.52,2589.26,2604.88,2604.88,0
2016-08-15,2612.82,2641.59,2612.46,2633.11,2633.11,0
2016-08-16,2627.17,2631.7,2618.69,2622.64,2622.64,0
2016-08-17,2623.2,2623.59,2603.6,2617.62,2617.62,0
2016-08-18,2624.78,2644.04,2623.46,2644.04,2644.04,0
2016-08-19,2647.16,2670.12,2643.22,2665.59,2665.59,0
2016-08-22,2658.26,2667.89,2650.83,2660.8,2660.8,0
2016-08-23,2674.02,2684.41,2672.3,2675.95,2675.95,0
2016-08-24,2670.83,2676.64,2644.52,2652.18,2652.18,0
2016-08-25,2652.35,2671.81,2649.81,2662.22,2662.22,0
2016-08-26,2671.39,2699.89,2667.25,2687.36,2687.36,0
2016-08-29,2691.25,2701.9,2690.06,2694.05,2694.05,0
2016-08-30,2696.28,2703.85,2675.36,2686.07,2686.07,0
2016-08-31,2682.48,2683.26,2663.82,2678.9,2678.9,0
2016-09-01,2680.1,2696.02,2667.38,2696.02,2696.02,0
2016-09-02,2708.95,2710.45,2690.21,2700.52,2700.52,0
2016-09-06,2707.48,2717.01,2701.27,2716.49,2716.49,0
2016-09-07,2724.33,2732.77,2712.87,2721.36,2721.36,0
2016-09-08,2711.48,2719.96,2699.75,2708.06,2708.06,0
2016-09-09,2684.59,2695.92,2631.03,2631.35,2631.35,0
2016-09-12,2606.61,2682.5,2606.27,2678.85,2678.85,0
2016-09-13,2662.64,2681.64,2638.38,2651.37,2651.37,0
2016-09-14,2650.82,2679.09,2646.99,2663.74,2663.74,0
2016-09-15,2663.16,2713.14,2663.16,2710.77,2710.77,0
2016-09-16,2714.2,2721.7,2692.44,2704.1,2704.1,0
2016-09-19,2718.14,2735.24,2697.08,2704.79,2704.79,0
2016-09-20,2717.96,2719.06,2691.51,2697.46,2697.46,0
2016-09-21,2716.25,2748.36,2714.56,2746.05,2746.05,0
2016-09-22,2762.15,2765.48,2747.72,2754.39,2754.39,0
2016-09-23,2747.46,2748.14,2728.47,2730.38,2730.38,0
2016-09-26,2709.79,2722.08,2700.67,2709.64,2709.64,0
2016-09-27,2708.8,2750.14,2706.65,2749.86,2749.86,0
2016-09-28,2753.45,2758.02,2734.91,2753.07,2753.07,0
2016-09-29,2749.11,2767.97,2722.67,2754.83,2754.83,0
2016-09-30,2762.3,2785.59,2761.91,2775.07,2775.07,0
2016-10-03,2774.89,2790.06,2764.48,2770.52,2770.52,0
2016-10-04,2776.79,2788.71,2758.72,2769.48,2769.48,0
2016-10-05,2775.97,2799.25,2773.26,2789.11,2789.11,0
2016-10-06,2786.28,2793.72,2769.89,2791.91,2791.91,0
2016-10-07,2793.9,2794.81,2767.29,2784.17,2784.17,0
2016-10-10,2797.29,2808.11,2787.69,2788.38,2788.38,0
2016-10-11,2787.13,2787.13,2716.65,2733.55,2733.55,0
2016-10-12,2728.2,2737.44,2714.44,2729.68,2729.68,0
2016-10-13,2704.52,2718.81,2672.46,2711.57,2711.57,0
2016-10-14,2727.61,2750.91,2715.29,2718.55,2718.55,0
2016-10-17,2717.16,2727.34,2706.97,2708.66,2708.66,0
2016-10-18,2742.33,2747.52,2731.71,2736.22,2736.22,0
2016-10-19,2726.13,2738.0,2723.4,2734.69,2734.69,0
2016-10-20,2736.82,2750.24,2715.66,2742.72,2742.72,0
2016-10-21,2738.47,2741.37,2719.44,2739.02,2739.02,0
2016-10-24,2758.5,2779.9,2758.5,2778.59,2778.59,0
2016-10-25,2777.49,2782.49,2765.52,2769.11,2769.11,0
2016-10-26,2762.58,2788.36,2758.54,2774.6,2774.6,0
2016-10-27,2794.97,2804.99,2767.27,2770.94,2770.94,0
2016-10-28,2782.7,2797.39,2762.83,2769.88,2769.88,0
2016-10-31,2784.83,2792.22,2775.49,2775.91,2775.91,0
2016-11-01,2780.01,2783.48,2716.87,2744.51,2744.51,0
2016-11-02,2741.32,2749.57,2705.41,2712.55,2712.55,0
2016-11-03,2712.22,2717.16,2696.07,2698.83,2698.83,0
2016-11-04,2678.45,2708.11,2674.08,2682.85,2682.85,0
2016-11-07,2732.13,2760.5,2729.07,2759.01,2759.01,0
2016-11-08,2758.13,2779.13,2744.03,2767.3,2767.3,0
2016-11-09,2693.6,2767.51,2691.1,2760.12,2760.12,0
2016-11-10,2770.45,2795.02,2688.85,2719.56,2719.56,0
2016-11-11,2730.18,2763.22,2723.64,2761.1,2761.1,0
2016-11-14,2766.16,2769.93,2733.85,2738.99,2738.99,0
2016-11-15,2754.96,2786.53,2753.76,2779.71,2779.71,0
2016-11-16,2770.23,2799.74,2768.45,2798.75,2798.75,0
2016-11-17,2805.41,2830.16,2799.99,2827.89,2827.89,0
2016-11-18,2830.08,2834.36,2817.3,2825.74,2825.74,0
2016-11-21,2835.94,2851.23,2828.64,2849.29,2849.29,0
2016-11-22,2857.52,2863.63,2849.7,2856.96,2856.96,0
2016-11-23,2851.9,2853.4,2838.98,2848.09,2848.09,0
2016-11-25,2851.26,2858.53,2845.7,2858.53,2858.53,0
2016-11-28,2862.22,2873.4,2856.73,2859.71,2859.71,0
2016-11-29,2857.15,2877.19,2847.52,2860.27,2860.27,0
2016-11-30,2862.75,2867.9,2839.49,2839.49,2839.49,0
2016-12-01,2838.82,2839.0,2728.62,2735.43,2735.43,0
2016-12-02,2734.32,2765.23,2727.93,2762.22,2762.22,0
2016-12-05,2778.72,2803.31,2768.68,2792.41,2792.41,0
2016-12-06,2795.71,2808.82,2783.03,2808.3,2808.3,0
2016-12-07,2812.95,2874.12,2803.52,2871.9,2871.9,0
2016-12-08,2872.5,2891.07,2866.82,2879.89,2879.89,0
2016-12-09,2892.15,2894.93,2864.11,2876.58,2876.58,0
2016-12-12,2860.8,2864.82,2833.91,2854.1,2854.1,0
2016-12-13,2863.94,2907.27,2862.42,2889.46,2889.46,0
2016-12-14,2894.95,2904.6,2873.24,2881.16,2881.16,0
2016-12-15,2884.32,2920.77,2880.62,2906.71,2906.71,0
2016-12-16,2913.44,2922.5,2867.17,2875.96,2875.96,0
2016-12-19,2882.09,2907.52,2877.08,2895.78,2895.78,0
2016-12-20,2909.3,2917.62,2902.54,2909.23,2909.23,0
2016-12-21,2909.98,2916.03,2904.2,2909.33,2909.33,0
2016-12-22,2924.83,2925.03,2901.71,2911.26,2911.26,0
2016-12-23,2908.1,2922.36,2908.08,2922.05,2922.05,0
2016-12-27,2927.2,2953.37,2927.2,2942.48,2942.48,0
2016-12-28,2951.2,2952.69,2904.63,2906.42,2906.42,0
2016-12-29,2898.61,2910.44,2888.04,2902.06,2902.06,0
2016-12-30,2910.15,2912.64,2862.2,2868.7,2868.7,0
2017-01-03,2890.72,2914.81,2873.11,2892.39,2892.39,0
2017-01-04,2896.49,2907.84,2892.01,2902.2,2902.2,0
2017-01-05,2902.81,2920.45,2897.51,2908.15,2908.15,0
2017-01-06,2910.08,2935.36,2896.79,2930.18,2930.18,0
2017-01-09,2936.76,2953.67,2936.76,2948.25,2948.25,0
2017-01-10,2953.2,2971.16,2951.36,2959.93,2959.93,0
2017-01-11,2957.76,2974.52,2953.52,2974.52,2974.52,0
2017-01-12,2959.16,2963.39,2924.99,2961.78,2961.78,0
2017-01-13,2965.27,2983.88,2964.52,2979.19,2979.19,0
2017-01-17,2970.03,2975.1,2948.29,2958.49,2958.49,0
2017-01-18,2963.96,2983.8,2961.29,2981.64,2981.64,0
2017-01-19,2982.05,2996.53,2971.28,2974.81,2974.81,0
2017-01-20,2994.27,3013.78,2993.84,3002.44,3002.44,0
2017-01-23,2995.48,3006.11,2977.89,2997.79,2997.79,0
2017-01-24,3018.19,3051.28,3017.46,3045.82,3045.82,0
2017-01-25,3083.33,3094.25,3075.36,3086.89,3086.89,0
2017-01-26,3083.53,3085.39,3057.7,3064.88,3064.88,0
2017-01-27,3080.3,3099.25,3080.18,3098.65,3098.65,0
2017-01-30,3082.77,3083.31,3054.06,3082.71,3082.71,0
2017-01-31,3070.77,3071.96,3050.35,3069.02,3069.02,0
2017-02-01,3090.89,3096.92,3064.05,3082.02,3082.02,0
2017-02-02,3067.12,3095.87,3056.53,3093.87,3093.87,0
2017-02-03,3105.05,3115.4,3101.7,3113.67,3113.67,0
2017-02-06,3109.11,3116.16,3103.6,3114.2,3114.2,0
2017-02-07,3123.9,3131.95,3116.48,3131.82,3131.82,0
2017-02-08,3130.01,3134.89,3110.98,3130.17,3130.17,0
2017-02-09,3137.36,3147.76,3128.79,3130.39,3130.39,0
2017-02-10,3134.36,3137.86,3107.82,3125.24,3125.24,0
2017-02-13,3138.51,3147.0,3133.26,3143.23,3143.23,0
2017-02-14,3135.56,3138.13,3119.08,3134.49,3134.49,0
2017-02-15,3137.36,3157.87,3129.04,3154.89,3154.89,0
2017-02-16,3167.96,3177.68,3159.37,3175.19,3175.19,0
2017-02-17,3166.37,3186.28,3155.19,3186.28,3186.28,0
2017-02-21,3192.74,3208.06,3191.18,3206.35,3206.35,0
2017-02-22,3201.56,3211.56,3194.66,3210.02,3210.02,0
2017-02-23,3210.81,3211.49,3171.63,3187.91,3187.91,0
2017-02-24,3160.4,3196.79,3154.7,3196.79,3196.79,0
2017-02-27,3190.62,3203.8,3184.66,3203.51,3203.51,0
2017-02-28,3199.88,3201.3,3181.16,3187.54,3187.54,0
2017-03-01,3216.42,3236.93,3198.3,3233.61,3233.61,0
2017-03-02,3229.85,3230.94,3203.25,3207.81,3207.81,0
2017-03-03,3206.04,3214.62,3198.82,3213.87,3213.87,0
2017-03-06,3197.44,3211.66,3185.35,3206.72,3206.72,0
2017-03-07,3200.92,3218.47,3193.62,3204.5,3204.5,0
2017-03-08,3210.04,3221.38,3203.88,3210.65,3210.65,0
2017-03-09,3203.39,3211.88,3186.72,3206.32,3206.32,0
2017-03-10,3227.02,3236.89,3215.87,3232.08,3232.08,0
2017-03-13,3234.03,3260.27,3233.71,3258.06,3258.06,0
2017-03-14,3250.28,3250.71,3223.62,3242.86,3242.86,0
2017-03-15,3247.38,3270.12,3233.17,3265.66,3265.66,0
2017-03-16,3273.35,3277.25,3258.8,3265.53,3265.53,0
2017-03-17,3277.03,3283.91,3272.12,3273.0,3273.0,0
2017-03-20,3273.28,3291.15,3270.61,3279.14,3279.14,0
2017-03-21,3291.9,3292.88,3210.09,3213.9,3213.9,0
2017-03-22,3211.97,3246.35,3210.36,3244.71,3244.71,0
2017-03-23,3242.1,3255.18,3233.23,3243.3,3243.3,0
2017-03-24,3278.93,3291.64,3249.5,3260.21,3260.21,0
2017-03-27,3230.65,3269.32,3223.29,3261.93,3261.93,0
2017-03-28,3260.11,3284.64,3256.52,3274.42,3274.42,0
2017-03-29,3270.39,3278.38,3261.88,3276.94,3276.94,0
2017-03-30,3274.7,3293.59,3274.23,3283.28,3283.28,0
2017-03-31,3278.72,3287.96,3273.19,3275.53,3275.53,0
2017-04-03,3277.1,3282.76,3241.6,3262.87,3262.87,0
2017-04-04,3248.9,3267.98,3246.7,3259.39,3259.39,0
2017-04-05,3268.11,3288.92,3238.22,3243.77,3243.77,0
2017-04-06,3243.87,3260.98,3231.1,3253.56,3253.56,0
2017-04-07,3252.27,3268.33,3241.05,3263.16,3263.16,0
2017-04-10,3264.0,3273.12,3246.53,3256.2,3256.2,0
2017-04-11,3249.08,3255.27,3208.66,3244.27,3244.27,0
2017-04-12,3239.73,3241.98,3206.25,3212.89,3212.89,0
2017-04-13,3203.95,3237.21,3199.68,3203.11,3203.11,0
2017-04-17,3213.6,3231.9,3213.05,3229.68,3229.68,0
2017-04-18,3219.21,3234.97,3215.38,3231.22,3231.22,0
2017-04-19,3254.98,3267.39,3246.34,3251.15,3251.15,0
2017-04-20,3265.18,3292.29,3254.5,3285.54,3285.54,0
2017-04-21,3280.89,3280.98,3265.56,3277.67,3277.67,0
2017-04-24,3322.41,3331.96,3313.99,3326.41,3326.41,0
2017-04-25,3341.54,3359.39,3334.59,3355.25,3355.25,0
2017-04-26,3339.86,3344.29,3314.16,3317.13,3317.13,0
2017-04-27,3334.9,3350.2,3330.62,3348.86,3348.86,0
2017-04-28,3351.17,3357.14,3323.53,3336.77,3336.77,0
2017-05-01,3345.3,3367.36,3336.37,3364.71,3364.71,0
2017-05-02,3369.89,3370.02,3348.89,3365.94,3365.94,0
2017-05-03,3354.43,3364.56,3344.3,3361.76,3361.76,0
2017-05-04,3366.3,3370.38,3352.52,3363.0,3363.0,0
2017-05-05,3369.22,3379.48,3354.29,3379.48,3379.48,0
2017-05-08,3376.36,3381.65,3372.26,3378.16,3378.16,0
2017-05-09,3381.89,3402.6,3380.26,3395.04,3395.04,0
2017-05-10,3416.2,3431.48,3411.57,3427.31,3427.31,0
2017-05-11,3414.17,3428.68,3394.41,3422.63,3422.63,0
2017-05-12,3427.44,3427.44,3414.21,3423.53,3423.53,0
2017-05-15,3438.39,3460.62,3434.21,3460.13,3460.13,0
2017-05-16,3470.69,3484.91,3460.27,3484.47,3484.47,0
2017-05-17,3447.84,3456.15,3373.3,3374.87,3374.87,0
2017-05-18,3358.16,3409.83,3347.31,3400.24,3400.24,0
2017-05-19,3430.09,3452.53,3430.05,3440.57,3440.57,0
2017-05-22,3455.12,3483.35,3454.19,3481.86,3481.86,0
2017-05-23,3484.35,3485.95,3458.42,3475.31,3475.31,0
2017-05-24,3499.0,3501.45,3483.24,3493.58,3493.58,0
2017-05-25,3506.64,3529.49,3497.02,3520.42,3520.42,0
2017-05-26,3516.09,3521.32,3503.62,3521.04,3521.04,0
2017-05-30,3522.09,3542.85,3521.27,3538.65,3538.65,0
2017-05-31,3558.88,3558.88,3518.91,3533.32,3533.32,0
2017-06-01,3537.83,3543.66,3518.83,3543.66,3543.66,0
2017-06-02,3559.37,3575.12,3542.73,3575.12,3575.12,0
2017-06-05,3574.04,3589.11,3569.98,3572.87,3572.87,0
2017-06-06,3564.03,3594.54,3562.95,3578.69,3578.69,0
2017-06-07,3588.75,3604.27,3576.49,3600.19,3600.19,0
2017-06-08,3625.15,3635.67,3595.07,3634.05,3634.05,0
2017-06-09,3645.38,3654.34,3449.28,3504.21,3504.21,0
2017-06-12,3459.86,3499.35,3408.96,3494.92,3494.92,0
2017-06-13,3523.93,3539.55,3482.86,3515.87,3515.87,0
2017-06-14,3530.56,3531.27,3451.6,3484.84,3484.84,0
2017-06-15,3437.32,3470.66,3426.33,3462.49,3462.49,0
2017-06-16,3460.87,3476.51,3440.86,3456.29,3456.29,0
2017-06-19,3488.39,3520.95,3488.03,3518.11,3518.11,0
2017-06-20,3516.21,3524.97,3480.9,3481.08,3481.08,0
2017-06-21,3508.39,3532.08,3500.53,3530.16,3530.16,0
2017-06-22,3533.47,3537.49,3509.18,3524.51,3524.51,0
2017-06-23,3522.25,3560.92,3516.01,3551.02,3551.02,0
2017-06-26,3569.43,3582.66,3512.2,3520.06,3520.06,0
2017-06-27,3501.82,3502.46,3439.73,3440.4,3440.4,0
2017-06-28,3459.1,3493.28,3427.43,3490.66,3490.66,0
2017-06-29,3471.2,3471.26,3374.37,3413.47,3413.47,0
2017-06-30,3429.28,3436.81,3393.06,3400.55,3400.55,0
2017-07-03,3422.78,3425.29,3359.26,3360.49,3360.49,0
2017-07-05,3379.68,3420.44,3367.89,3412.13,3412.13,0
2017-07-06,3382.73,3407.25,3368.25,3386.89,3386.89,0
2017-07-07,3403.67,3448.99,3403.66,3432.57,3432.57,0
2017-07-10,3438.71,3471.62,3426.43,3464.68,3464.68,0
2017-07-11,3461.06,3492.88,3458.7,3489.67,3489.67,0
2017-07-12,3520.83,3542.73,3517.03,3538.76,3538.76,0
2017-07-13,3537.92,3550.96,3523.19,3530.38,3530.38,0
2017-07-14,3545.0,3569.98,3543.87,3567.97,3567.97,0
2017-07-17,3573.05,3573.94,3553.12,3563.46,3563.46,0
2017-07-18,3554.04,3578.06,3539.47,3577.57,3577.57,0
2017-07-19,3590.06,3607.22,3588.76,3605.64,3605.64,0
2017-07-20,3602.84,3608.12,3579.79,3606.48,3606.48,0
2017-07-21,3587.32,3589.36,3572.07,3584.39,3584.39,0
2017-07-24,3584.83,3590.4,3575.82,3586.66,3586.66,0
2017-07-25,3554.94,3575.27,3540.81,3566.66,3566.66,0
2017-07-26,3573.56,3576.61,3554.91,3568.24,3568.24,0
2017-07-27,3583.01,3586.89,3479.17,3521.62,3521.62,0
2017-07-28,3513.96,3524.86,3496.98,3516.48,3516.48,0
2017-07-31,3531.41,3535.6,3491.32,3500.97,3500.97,0
2017-08-01,3511.52,3517.24,3499.18,3514.82,3514.82,0
2017-08-02,3528.13,3528.13,3465.13,3491.28,3491.28,0
2017-08-03,3487.96,3496.85,3470.43,3485.9,3485.9,0
2017-08-04,3493.48,3509.79,3481.39,3487.77,3487.77,0
2017-08-07,3492.28,3520.93,3490.4,3520.1,3520.1,0
2017-08-08,3514.63,3544.33,3501.05,3510.05,3510.05,0
2017-08-09,3487.34,3511.06,3475.7,3508.94,3508.94,0
2017-08-10,3478.01,3481.2,3413.43,3415.7,3415.7,0
2017-08-11,3408.13,3452.02,3407.66,3446.06,3446.06,0
2017-08-14,3478.59,3514.03,3478.59,3509.86,3509.86,0
2017-08-15,3514.86,3516.54,3495.37,3511.45,3511.45,0
2017-08-16,3522.81,3541.01,3513.59,3529.8,3529.8,0
2017-08-17,3513.37,3519.57,3445.23,3445.23,3445.23,0
2017-08-18,3460.5,3475.77,3431.58,3452.1,3452.1,0
2017-08-21,3456.46,3460.25,3423.65,3447.3,3447.3,0
2017-08-22,3468.12,3508.25,3468.12,3503.76,3503.76,0
2017-08-23,3480.76,3506.37,3479.26,3499.13,3499.13,0
2017-08-24,3507.43,3509.74,3477.2,3495.97,3495.97,0
2017-08-25,3512.88,3520.47,3487.75,3493.41,3493.41,0
2017-08-28,3504.31,3505.38,3485.64,3499.58,3499.58,0
2017-08-29,3460.18,3515.75,3458.84,3508.92,3508.92,0
2017-08-30,3516.07,3559.8,3510.93,3556.71,3556.71,0
2017-08-31,3565.33,3592.9,3564.23,3588.8,3588.8,0
2017-09-01,3597.97,3606.92,3584.72,3597.72,3597.72,0
2017-09-05,3584.84,3594.73,3532.87,3558.78,3558.78,0
2017-09-06,3571.5,3576.63,3548.55,3566.94,3566.94,0
2017-09-07,3573.86,3586.98,3560.58,3584.24,3584.24,0
2017-09-08,3587.13,3592.5,3551.79,3557.45,3557.45,0
2017-09-11,3586.54,3616.39,3585.95,3612.87,3612.87,0
2017-09-12,3619.93,3634.71,3608.62,3633.09,3633.09,0
2017-09-13,3624.21,3633.12,3613.71,3631.98,3631.98,0
2017-09-14,3616.36,3645.72,3609.39,3632.95,3632.95,0
2017-09-15,3631.18,3668.17,3631.14,3662.84,3662.84,0
2017-09-18,3680.65,3703.36,3677.85,3693.5,3693.5,0
2017-09-19,3699.27,3704.76,3679.1,3698.63,3698.63,0
2017-09-20,3690.95,3693.51,3620.91,3656.58,3656.58,0
2017-09-21,3653.42,3654.47,3617.61,3638.51,3638.51,0
2017-09-22,3626.76,3661.64,3626.76,3659.22,3659.22,0
2017-09-25,3641.6,3642.39,3582.9,3605.67,3605.67,0
2017-09-26,3627.16,3636.13,3598.18,3606.9,3606.9,0
2017-09-27,3642.05,3681.37,3632.93,3667.98,3667.98,0
2017-09-28,3654.45,3677.58,3649.06,3676.64,3676.64,0
2017-09-29,3682.36,3714.01,3680.78,3713.01,3713.01,0
2017-10-02,3721.71,3745.63,3708.01,3726.91,3726.91,0
2017-10-03,3729.15,3738.37,3724.45,3732.0,3732.0,0
2017-10-04,3722.28,3734.57,3709.21,3733.01,3733.01,0
2017-10-05,3742.78,3756.46,3728.33,3752.86,3752.86,0
2017-10-06,3740.96,3770.46,3740.77,3770.45,3770.45,0
2017-10-09,3774.2,3782.51,3770.51,3780.62,3780.62,0
2017-10-10,3796.18,3798.97,3765.03,3793.41,3793.41,0
2017-10-11,3780.75,3802.76,3779.69,3801.93,3801.93,0
2017-10-12,3797.93,3817.11,3796.96,3801.98,3801.98,0
2017-10-13,3822.11,3840.42,3820.3,3832.88,3832.88,0
2017-10-16,3844.55,3845.32,3823.82,3844.31,3844.31,0
2017-10-17,3839.16,3839.16,3822.72,3837.39,3837.39,0
2017-10-18,3844.34,3854.24,3817.74,3850.37,3850.37,0
2017-10-19,3830.9,3860.66,3815.03,3860.49,3860.49,0
2017-10-20,3889.79,3903.59,3886.56,3891.66,3891.66,0
2017-10-23,3924.66,3924.83,3892.71,3898.37,3898.37,0
2017-10-24,3902.54,3918.03,3895.69,3911.75,3911.75,0
2017-10-25,3905.88,3924.08,3853.89,3885.48,3885.48,0
2017-10-26,3901.8,3904.81,3877.17,3894.26,3894.26,0
2017-10-27,3900.75,3941.32,3888.8,3936.77,3936.77,0
2017-10-30,3932.99,3941.81,3913.22,3936.8,3936.8,0
2017-10-31,3940.43,3976.93,3940.43,3967.68,3967.68,0
2017-11-01,3978.76,3979.52,3917.04,3940.48,3940.48,0
2017-11-02,3929.3,3944.9,3902.25,3941.73,3941.73,0
2017-11-03,3957.15,3982.02,3937.01,3980.67,3980.67,0
2017-11-06,4000.0,4010.66,3985.73,4009.54,4009.54,0
2017-11-07,4007.81,4014.99,3984.2,4000.88,4000.88,0
2017-11-08,4000.19,4027.27,3989.24,4024.74,4024.74,0
2017-11-09,3989.44,3989.51,3925.93,3967.52,3967.52,0
2017-11-10,3961.64,3978.66,3956.28,3977.03,3977.03,0
2017-11-13,3961.83,3986.88,3956.84,3982.52,3982.52,0
2017-11-14,3969.79,3985.2,3955.79,3982.51,3982.51,0
2017-11-15,3965.04,3975.59,3934.74,3958.79,3958.79,0
2017-11-16,3986.61,4042.97,3986.61,4032.72,4032.72,0
2017-11-17,4053.62,4054.09,4026.89,4031.63,4031.63,0
2017-11-20,4035.8,4050.56,4032.48,4044.05,4044.05,0
2017-11-21,4060.8,4084.38,4059.02,4076.66,4076.66,0
2017-11-22,4081.55,4084.09,4065.63,4070.09,4070.09,0
2017-11-24,4076.96,4095.06,4075.73,4094.04,4094.04,0
2017-11-27,4063.74,4068.2,4046.03,4055.65,4055.65,0
2017-11-28,4064.98,4074.12,4045.52,4068.5,4068.5,0
2017-11-29,4041.13,4042.26,3893.05,3920.85,3920.85,0
2017-11-30,3941.9,3961.81,3921.78,3944.61,3944.61,0
2017-12-01,3918.82,3932.47,3838.13,3918.48,3918.48,0
2017-12-04,3940.66,3940.73,3835.62,3847.99,3847.99,0
2017-12-05,3832.76,3905.68,3818.57,3851.13,3851.13,0
2017-12-06,3827.34,3873.56,3817.36,3869.02,3869.02,0
2017-12-07,3883.85,3910.17,3874.69,3902.23,3902.23,0
2017-12-08,3936.26,3946.44,3899.87,3905.58,3905.58,0
2017-12-11,3907.29,3930.17,3906.03,3929.93,3929.93,0
2017-12-12,3918.46,3931.98,3902.8,3912.11,3912.11,0
2017-12-13,3933.59,3946.83,3921.22,3923.26,3923.26,0
2017-12-14,3932.44,3944.08,3917.21,3917.98,3917.98,0
2017-12-15,3922.86,3971.2,3916.53,3965.77,3965.77,0
2017-12-18,4000.52,4013.25,3992.06,4011.95,4011.95,0
2017-12-19,4007.72,4014.87,3984.58,3996.59,3996.59,0
2017-12-20,4025.57,4025.57,3974.99,3998.78,3998.78,0
2017-12-21,4007.97,4014.96,3974.18,3977.4,3977.4,0
2017-12-22,3972.63,3974.01,3957.73,3969.38,3969.38,0
2017-12-26,3939.68,3947.2,3920.96,3943.71,3943.71,0
2017-12-27,3946.29,3964.06,3942.2,3954.74,3954.74,0
2017-12-28,3966.48,3967.93,3946.07,3953.87,3953.87,0
2017-12-29,3956.12,3958.68,3920.96,3920.96,3920.96,0
2018-01-02,3943.1,3995.96,3929.65,3995.96,3995.96,0
2018-01-03,4002.48,4046.44,4000.98,4044.33,4044.33,0
2018-01-04,4064.29,4080.07,4047.06,4071.28,4071.28,0
2018-01-05,4088.35,4108.03,4079.4,4102.37,4102.37,0
2018-01-08,4112.12,4134.66,4099.45,4129.02,4129.02,0
2018-01-09,4131.23,4137.61,4099.28,4112.17,4112.17,0
2018-01-10,4082.38,4096.8,4063.1,4088.35,4088.35,0
2018-01-11,4095.73,4106.93,4085.44,4105.58,4105.58,0
2018-01-12,4108.58,4143.82,4103.32,4136.4,4136.4,0
2018-01-16,4166.6,4185.54,4101.9,4120.13,4120.13,0
2018-01-17,4155.31,4210.77,4145.78,4205.54,4205.54,0
2018-01-18,4195.1,4225.37,4192.64,4213.76,4213.76,0
2018-01-19,4223.4,4229.7,4203.66,4227.68,4227.68,0
2018-01-22,4223.22,4256.15,4207.3,4256.15,4256.15,0
2018-01-23,4262.43,4290.4,4259.62,4288.71,4288.71,0
2018-01-24,4268.63,4289.05,4207.66,4227.63,4227.63,0
2018-01-25,4265.91,4280.36,4187.57,4191.31,4191.31,0
2018-01-26,4228.14,4285.58,4224.36,4285.58,4285.58,0
2018-01-29,4263.43,4283.01,4228.57,4257.24,4257.24,0
2018-01-30,4204.85,4229.64,4190.73,4200.54,4200.54,0
2018-01-31,4229.96,4248.21,4205.8,4227.4,4227.4,0
2018-02-01,4192.79,4245.85,4183.04,4199.29,4199.29,0
2018-02-02,4155.62,4162.56,4090.6,4090.9,4090.9,0
2018-02-05,4049.02,4133.21,3932.49,3932.68,3932.68,0
2018-02-06,3870.22,4043.22,3862.95,4039.87,4039.87,0
2018-02-07,4005.99,4062.49,3969.63,3969.63,3969.63,0
2018-02-08,3969.59,3979.77,3804.54,3804.66,3804.66,0
2018-02-09,3865.09,3916.19,3741.54,3890.26,3890.26,0
2018-02-12,3928.36,3987.05,3906.6,3963.35,3963.35,0
2018-02-13,3937.61,3981.09,3934.02,3974.34,3974.34,0
2018-02-14,3955.99,4066.44,3955.99,4060.25,4060.25,0
2018-02-15,4094.1,4136.86,4044.41,4136.48,4136.48,0
2018-02-16,4125.12,4175.75,4124.66,4131.97,4131.97,0
2018-02-20,4115.39,4203.75,4115.15,4172.78,4172.78,0
2018-02-21,4185.32,4218.35,4141.85,4142.5,4142.5,0
2018-02-22,4163.98,4174.83,4122.62,4131.74,4131.74,0
2018-02-23,4166.16,4217.57,4153.75,4217.35,4217.35,0
2018-02-26,4240.05,4277.86,4230.83,4276.64,4276.64,0
2018-02-27,4277.98,4307.03,4237.21,4237.21,4237.21,0
2018-02-28,4262.45,4281.18,4211.38,4211.38,4211.38,0
2018-03-01,4217.81,4230.94,4114.67,4153.21,4153.21,0
2018-03-02,4104.27,4223.25,4101.48,4216.57,4216.57,0
2018-03-05,4190.1,4286.68,4190.1,4268.17,4268.17,0
2018-03-06,4296.62,4326.15,4284.96,4318.86,4318.86,0
2018-03-07,4299.84,4363.95,4299.84,4358.44,4358.44,0
2018-03-08,4376.07,4385.98,4352.59,4376.47,4376.47,0
2018-03-09,4406.62,4464.4,4406.25,4464.4,4464.4,0
2018-03-12,4484.96,4515.91,4476.65,4496.59,4496.59,0
2018-03-13,4526.38,4544.46,4424.15,4437.8,4437.8,0
2018-03-14,4458.6,4462.19,4411.26,4437.95,4437.95,0
2018-03-15,4449.23,4468.97,4424.16,4442.48,4442.48,0
2018-03-16,4462.05,4472.09,4438.8,4447.24,4447.24,0
2018-03-19,4404.04,4412.64,4308.07,4361.42,4361.42,0
2018-03-20,4365.71,4391.97,4357.7,4377.73,4377.73,0
2018-03-21,4368.82,4427.95,4360.5,4377.21,4377.21,0
2018-03-22,4309.46,4349.71,4256.16,4257.52,4257.52,0
2018-03-23,4247.68,4266.17,4121.87,4121.87,4121.87,0
2018-03-26,4212.33,4275.12,4152.65,4272.84,4272.84,0
2018-03-27,4301.64,4301.64,4103.35,4132.43,4132.43,0
2018-03-28,4120.77,4151.33,4061.5,4077.14,4077.14,0
2018-03-29,4109.89,4190.21,4074.59,4148.76,4148.76,0
2018-04-02,4120.53,4148.93,3988.94,4029.19,4029.19,0
2018-04-03,4068.68,4090.07,4019.17,4080.51,4080.51,0
2018-04-04,3985.65,4149.69,3985.65,4139.38,4139.38,0
2018-04-05,4168.23,4178.62,4093.35,4120.66,4120.66,0
2018-04-06,4066.16,4110.17,3993.94,4012.75,4012.75,0
2018-04-09,4048.5,4135.53,4039.7,4041.74,4041.74,0
2018-04-10,4132.65,4170.5,4099.53,4150.19,4150.19,0
2018-04-11,4120.39,4178.94,4120.23,4141.83,4141.83,0
2018-04-12,4166.3,4214.75,4160.82,4201.58,4201.58,0
2018-04-13,4232.93,4232.93,4153.82,4173.62,4173.62,0
2018-04-16,4197.67,4217.39,4166.99,4198.94,4198.94,0
2018-04-17,4232.65,4294.12,4228.42,4283.04,4283.04,0
2018-04-18,4260.79,4277.52,4225.89,4262.94,4262.94,0
2018-04-19,4209.58,4227.11,4148.97,4160.82,4160.82,0
2018-04-20,4151.07,4159.99,4094.29,4111.99,4111.99,0
2018-04-23,4126.63,4140.13,4065.53,4079.88,4079.88,0
2018-04-24,4124.44,4149.17,4008.87,4039.34,4039.34,0
2018-04-25,4036.79,4045.3,3968.38,4030.06,4030.06,0
2018-04-26,4095.29,4126.26,4078.26,4116.38,4116.38,0
2018-04-27,4152.53,4153.75,4076.86,4100.76,4100.76,0
2018-04-30,4110.65,4128.34,4056.21,4072.93,4072.93,0
2018-05-01,4050.87,4120.43,4043.25,4117.95,4117.95,0
2018-05-02,4113.0,4129.18,4079.57,4091.12,4091.12,0
2018-05-03,4058.7,4121.36,4029.42,4106.78,4106.78,0
2018-05-04,4080.34,4191.05,4071.86,4181.46,4181.46,0
2018-05-07,4193.72,4229.34,4189.47,4212.49,4212.49,0
2018-05-08,4207.23,4236.6,4193.22,4235.18,4235.18,0
2018-05-09,4246.19,4289.91,4230.44,4286.74,4286.74,0
2018-05-10,4307.86,4351.33,4307.26,4348.75,4348.75,0
2018-05-11,4299.34,4313.35,4280.87,4290.41,4290.41,0
2018-05-14,4329.44,4356.15,4303.81,4311.65,4311.65,0
2018-05-15,4283.48,4286.17,4251.88,4278.57,4278.57,0
2018-05-16,4283.01,4324.95,4280.66,4320.34,4320.34,0
2018-05-17,4296.13,4324.69,4268.76,4295.94,4295.94,0
2018-05-18,4259.82,4275.62,4244.81,4249.56,4249.56,0
2018-05-21,4296.81,4304.12,4242.23,4266.61,4266.61,0
2018-05-22,4294.32,4310.43,4266.67,4272.65,4272.65,0
2018-05-23,4231.5,4295.28,4226.63,4294.92,4294.92,0
2018-05-24,4288.8,4307.3,4250.34,4293.69,4293.69,0
2018-05-25,4290.12,4311.32,4281.45,4300.44,4300.44,0
2018-05-29,4275.68,4302.08,4250.05,4275.06,4275.06,0
2018-05-30,4297.3,4323.7,4291.39,4299.54,4299.54,0
2018-05-31,4290.77,4323.48,4278.73,4282.47,4282.47,0
2018-06-01,4309.2,4363.27,4303.5,4363.02,4363.02,0
2018-06-04,4367.06,4395.4,4354.44,4393.7,4393.7,0
2018-06-05,4410.84,4427.44,4394.75,4417.02,4417.02,0
2018-06-06,4424.64,4439.79,4402.37,4439.23,4439.23,0
2018-06-07,4432.84,4432.86,4350.7,4383.99,4383.99,0
2018-06-08,4352.42,4384.56,4338.1,4378.45,4378.45,0
2018-06-11,4378.6,4396.89,4374.4,4384.83,4384.83,0
2018-06-12,4392.83,4411.21,4376.4,4406.48,4406.48,0
2018-06-13,4411.45,4438.96,4390.29,4398.99,4398.99,0
2018-06-14,4412.04,4441.59,4412.03,4429.15,4429.15,0
2018-06-15,4400.18,4419.3,4375.24,4418.36,4418.36,0
2018-06-18,4372.92,4409.57,4356.83,4404.6,4404.6,0
2018-06-19,4334.4,4369.64,4310.98,4368.54,4368.54,0
2018-06-20,4385.76,4398.15,4368.87,4382.25,4382.25,0
2018-06-21,4401.06,4409.83,4336.61,4342.0,4342.0,0
2018-06-22,4354.91,4354.96,4297.79,4309.57,4309.57,0
2018-06-25,4256.11,4256.11,4161.03,4202.27,4202.27,0
2018-06-26,4220.97,4246.45,4204.86,4224.31,4224.31,0
2018-06-27,4241.63,4251.41,4138.08,4139.04,4139.04,0
2018-06-28,4128.8,4186.5,4121.2,4175.66,4175.66,0
2018-06-29,4200.74,4231.85,4192.09,4193.32,4193.32,0
2018-07-02,4148.91,4230.85,4138.2,4229.62,4229.62,0
2018-07-03,4246.73,4247.81,4175.8,4178.6,4178.6,0
2018-07-05,4214.82,4253.85,4201.83,4252.83,4252.83,0
2018-07-06,4253.06,4310.55,4246.15,4303.98,4303.98,0
2018-07-09,4332.21,4335.99,4294.69,4335.39,4335.39,0
2018-07-10,4340.42,4356.59,4332.88,4349.84,4349.84,0
2018-07-11,4300.18,4327.61,4291.26,4297.72,4297.72,0
2018-07-12,4331.94,4394.64,4329.71,4393.41,4393.41,0
2018-07-13,4394.46,4400.23,4372.4,4381.93,4381.93,0
2018-07-16,4382.88,4391.35,4365.43,4371.97,4371.97,0
2018-07-17,4341.36,4414.95,4337.03,4411.42,4411.42,0
2018-07-18,4423.9,4432.95,4409.97,4429.39,4429.39,0
2018-07-19,4413.25,4424.73,4390.06,4399.87,4399.87,0
2018-07-20,4401.62,4406.87,4380.07,4382.81,4382.81,0
2018-07-23,4365.71,4388.71,4330.94,4385.19,4385.19,0
2018-07-24,4415.13,4434.44,4353.6,4360.37,4360.37,0
2018-07-25,4366.1,4414.86,4349.89,4414.5,4414.5,0
2018-07-26,4404.99,4434.83,4396.47,4423.08,4423.08,0
2018-07-27,4433.92,4439.62,4338.08,4369.61,4369.61,0
2018-07-30,4367.71,4373.53,4278.98,4300.53,4300.53,0
2018-07-31,4325.77,4353.55,4300.4,4322.72,4322.72,0
2018-08-01,4318.03,4346.32,4300.47,4315.1,4315.1,0
2018-08-02,4267.27,4358.14,4267.27,4354.86,4354.86,0
2018-08-03,4352.7,4368.48,4329.77,4368.48,4368.48,0
2018-08-06,4356.42,4394.3,4352.33,4393.95,4393.95,0
2018-08-07,4401.89,4417.64,4393.67,4404.08,4404.08,0
2018-08-08,4403.02,4419.34,4386.32,4406.97,4406.97,0
2018-08-09,4387.65,4392.3,4363.21,4364.63,4364.63,0
2018-08-10,4308.65,4323.37,4289.47,4303.82,4303.82,0
2018-08-13,4312.54,4331.67,4288.68,4292.96,4292.96,0
2018-08-14,4306.74,4310.61,4278.79,4297.06,4297.06,0
2018-08-15,4254.12,4273.44,4210.11,4244.35,4244.35,0
2018-08-16,4284.76,4288.6,4251.94,4260.48,4260.48,0
2018-08-17,4229.65,4265.53,4206.89,4257.11,4257.11,0
2018-08-20,4266.59,4275.24,4230.72,4259.25,4259.25,0
2018-08-21,4275.2,4317.1,4273.69,4298.36,4298.36,0
2018-08-22,4282.27,4320.2,4277.0,4316.34,4316.34,0
2018-08-23,4319.22,4352.42,4314.1,4320.47,4320.47,0
2018-08-24,4356.65,4384.83,4353.08,4383.46,4383.46,0
2018-08-27,4410.16,4434.41,4397.53,4424.0,4424.0,0
2018-08-28,4437.35,4443.0,4410.03,4435.55,4435.55,0
2018-08-29,4436.41,4456.88,4430.83,4450.89,4450.89,0
2018-08-30,4437.77,4442.89,4406.45,4413.41,4413.41,0
2018-08-31,4403.27,4427.34,4403.05,4422.3,4422.3,0
2018-09-04,4391.25,4399.25,4359.88,4396.8,4396.8,0
2018-09-05,4378.93,4381.69,4314.86,4339.44,4339.44,0
2018-09-06,4332.71,4337.54,4265.29,4280.21,4280.21,0
2018-09-07,4256.75,4302.94,4250.63,4264.2,4264.2,0
2018-09-10,4286.49,4288.87,4260.53,4281.42,4281.42,0
2018-09-11,4252.89,4285.57,4239.93,4271.7,4271.7,0
2018-09-12,4229.7,4242.92,4184.99,4241.73,4241.73,0
2018-09-13,4281.75,4314.82,4273.04,4297.47,4297.47,0
2018-09-14,4310.24,4330.78,4287.61,4307.12,4307.12,0
2018-09-17,4294.68,4300.22,4241.98,4245.6,4245.6,0
2018-09-18,4251.94,4302.75,4251.09,4278.78,4278.78,0
2018-09-19,4285.06,4295.36,4256.3,4277.58,4277.58,0
2018-09-20,4305.59,4344.88,4303.8,4332.81,4332.81,0
2018-09-21,4336.8,4348.64,4311.22,4317.87,4317.87,0
2018-09-24,4297.88,4332.66,4284.53,4329.01,4329.01,0
2018-09-25,4326.78,4327.01,4294.89,4305.15,4305.15,0
2018-09-26,4297.53,4330.99,4281.89,4285.89,4285.89,0
2018-09-27,4298.15,4321.96,4295.16,4304.49,4304.49,0
2018-09-28,4295.51,4332.68,4288.5,4325.69,4325.69,0
2018-10-01,4342.45,4360.2,4316.22,4324.84,4324.84,0
2018-10-02,4313.32,4352.19,4305.59,4310.8,4310.8,0
2018-10-03,4332.76,4349.59,4313.98,4328.77,4328.77,0
2018-10-04,4302.09,4304.69,4207.28,4241.73,4241.73,0
2018-10-05,4239.13,4255.02,4144.1,4179.74,4179.74,0
2018-10-08,4153.92,4173.98,4086.94,4127.25,4127.25,0
2018-10-09,4123.87,4135.89,4096.28,4111.47,4111.47,0
2018-10-10,4064.16,4071.12,3950.98,3951.39,3951.39,0
2018-10-11,3953.5,4020.42,3890.18,3919.65,3919.65,0
2018-10-12,4017.47,4026.52,3939.66,4005.31,4005.31,0
2018-10-15,3980.69,4003.05,3951.75,3963.09,3963.09,0
2018-10-16,4012.98,4092.55,4009.62,4085.1,4085.1,0
2018-10-17,4108.95,4112.3,4049.26,4082.26,4082.26,0
2018-10-18,4058.99,4059.41,3971.72,3988.74,3988.74,0
2018-10-19,4017.58,4043.53,3951.25,3960.75,3960.75,0
2018-10-22,3988.5,4004.4,3951.78,3983.08,3983.08,0
2018-10-23,3898.11,4005.21,3873.59,3986.3,3986.3,0
2018-10-24,3945.89,3955.47,3769.99,3772.89,3772.89,0
2018-10-25,3832.96,3919.15,3831.16,3893.43,3893.43,0
2018-10-26,3751.21,3857.38,3727.7,3792.57,3792.57,0
2018-10-29,3867.65,3869.91,3673.2,3739.99,3739.99,0
2018-10-30,3741.33,3818.07,3733.47,3815.67,3815.67,0
2018-10-31,3875.11,3925.7,3863.84,3899.09,3899.09,0
2018-11-01,3906.66,4015.09,3890.96,4011.99,4011.99,0
2018-11-02,4019.05,4030.98,3935.17,3970.93,3970.93,0
2018-11-05,3966.1,3971.71,3907.39,3956.67,3956.67,0
2018-11-06,3957.53,4011.6,3957.27,4009.6,4009.6,0
2018-11-07,4053.67,4090.0,4032.34,4085.77,4085.77,0
2018-11-08,4060.72,4098.23,4055.58,4075.12,4075.12,0
2018-11-09,4025.57,4031.49,3952.38,3992.14,3992.14,0
2018-11-12,3944.58,3945.31,3843.71,3852.9,3852.9,0
2018-11-13,3882.87,3945.69,3868.63,3882.84,3882.84,0
2018-11-14,3927.44,3948.57,3852.15,3876.93,3876.93,0
2018-11-15,3871.37,4005.97,3871.01,3993.69,3993.69,0
2018-11-16,3923.94,3997.04,3920.0,3977.27,3977.27,0
2018-11-19,3956.79,3966.85,3819.93,3826.7,3826.7,0
2018-11-20,3739.57,3846.82,3733.52,3798.91,3798.91,0
2018-11-21,3856.66,3881.14,3823.33,3848.46,3848.46,0
2018-11-23,3808.53,3859.38,3807.48,3834.44,3834.44,0
2018-11-26,3893.17,3911.79,3863.83,3910.64,3910.64,0
2018-11-27,3888.31,3931.71,3868.53,3908.74,3908.74,0
2018-11-28,3944.95,4015.53,3891.66,4015.05,4015.05,0
2018-11-29,3990.37,4007.76,3957.67,3974.36,3974.36,0
2018-11-30,3988.34,4037.6,3959.13,4037.56,4037.56,0
2018-12-03,4134.75,4141.3,4078.24,4118.1,4118.1,0
2018-12-04,4095.0,4099.65,3944.43,3949.88,3949.88,0
2018-12-06,3857.62,3954.62,3844.46,3954.46,3954.46,0
2018-12-07,3934.41,3954.98,3801.32,3816.66,3816.66,0
2018-12-10,3811.99,3876.16,3785.29,3860.06,3860.06,0
2018-12-11,3933.08,3949.76,3852.65,3878.19,3878.19,0
2018-12-12,3947.79,3984.76,3919.16,3930.23,3930.23,0
2018-12-13,3955.63,3964.27,3902.25,3920.61,3920.61,0
2018-12-14,3864.9,3908.84,3835.95,3837.82,3837.82,0
2018-12-17,3824.74,3856.65,3730.3,3754.22,3754.22,0
2018-12-18,3789.82,3823.51,3760.64,3783.64,3783.64,0
2018-12-19,3766.29,3819.53,3645.52,3668.37,3668.37,0
2018-12-20,3667.56,3701.16,3573.82,3621.35,3621.35,0
2018-12-21,3678.12,3678.55,3526.4,3539.26,3539.26,0
2018-12-24,3510.39,3557.78,3456.47,3457.92,3457.92,0
2018-12-26,3494.81,3649.39,3451.91,3649.39,3649.39,0
2018-12-27,3591.71,3685.81,3551.09,3684.27,3684.27,0
2018-12-28,3700.04,3744.24,3651.14,3683.94,3683.94,0
2018-12-31,3725.04,3733.67,3672.5,3705.78,3705.78,0
2019-01-02,3628.18,3751.13,3628.18,3728.4,3728.4,0
2019-01-03,3652.34,3671.07,3543.39,3547.57,3547.57,0
2019-01-04,3611.82,3722.96,3601.36,3708.36,3708.36,0
2019-01-07,3718.23,3790.38,3709.77,3762.77,3762.77,0
2019-01-08,3801.13,3806.39,3726.0,3780.87,3780.87,0
2019-01-09,3815.68,3872.94,3813.13,3851.1,3851.1,0
2019-01-10,3822.72,3878.4,3810.34,3877.08,3877.08,0
2019-01-11,3852.18,3900.91,3845.47,3881.49,3881.49,0
2019-01-14,3831.0,3848.8,3809.28,3828.09,3828.09,0
2019-01-15,3848.76,3887.39,3846.11,3869.5,3869.5,0
2019-01-16,3869.47,3894.47,3856.41,3858.29,3858.29,0
2019-01-17,3833.36,3906.43,3823.27,3888.33,3888.33,0
2019-01-18,3922.49,3989.19,3908.47,3971.49,3971.49,0
2019-01-22,3935.92,3936.95,3849.57,3874.74,3874.74,0
2019-01-23,3898.55,3919.55,3832.96,3871.62,3871.62,0
2019-01-24,3925.03,3997.59,3925.03,3988.8,3988.8,0
2019-01-25,4048.41,4094.74,4023.25,4083.36,4083.36,0
2019-01-28,3989.51,4044.32,3978.85,4034.12,4034.12,0
2019-01-29,4040.98,4047.35,3976.81,3984.47,3984.47,0
2019-01-30,4040.18,4107.94,4014.99,4099.41,4099.41,0
2019-01-31,4106.85,4163.03,4099.25,4139.61,4139.61,0
2019-02-01,4151.72,4203.72,4148.52,4186.38,4186.38,0
2019-02-04,4186.75,4233.49,4174.0,4230.16,4230.16,0
2019-02-05,4230.11,4262.74,4227.95,4253.31,4253.31,0
2019-02-06,4290.6,4333.37,4289.73,4311.67,4311.67,0
2019-02-07,4261.54,4279.52,4199.88,4234.68,4234.68,0
2019-02-08,4182.79,4246.24,4182.35,4245.76,4245.76,0
2019-02-11,4264.22,4269.26,4234.89,4248.13,4248.13,0
2019-02-12,4294.02,4339.3,4285.03,4331.44,4331.44,0
2019-02-13,4351.36,4355.84,4322.14,4326.32,4326.32,0
2019-02-14,4305.36,4346.05,4299.9,4334.16,4334.16,0
2019-02-15,4360.6,4369.36,4328.26,4347.42,4347.42,0
2019-02-19,4338.7,4364.92,4338.47,4345.75,4345.75,0
2019-02-20,4366.58,4391.89,4349.73,4364.19,4364.19,0
2019-02-21,4357.51,4365.06,4321.36,4334.6,4334.6,0
2019-02-22,4365.24,4394.53,4359.55,4394.53,4394.53,0
2019-02-25,4446.53,4463.42,4419.82,4421.99,4421.99,0
2019-02-26,4410.2,4424.2,4396.82,4406.76,4406.76,0
2019-02-27,4386.5,4390.27,4333.79,4373.68,4373.68,0
2019-02-28,4355.02,4383.2,4342.33,4368.14,4368.14,0
2019-03-01,4413.74,4418.14,4357.29,4396.09,4396.09,0
2019-03-04,4425.79,4429.73,4325.42,4380.23,4380.23,0
2019-03-05,4374.73,4388.55,4347.47,4373.54,4373.54,0
2019-03-06,4370.86,4371.21,4323.61,4325.58,4325.58,0
2019-03-07,4305.2,4314.49,4263.68,4285.86,4285.86,0
2019-03-08,4216.19,4285.91,4211.91,4284.47,4284.47,0
2019-03-11,4306.82,4388.14,4305.5,4376.24,4376.24,0
2019-03-12,4388.38,4411.51,4363.39,4395.87,4395.87,0
2019-03-13,4417.72,4446.72,4408.19,4410.75,4410.75,0
2019-03-14,4408.83,4425.4,4400.75,4404.87,4404.87,0
2019-03-15,4434.19,4487.99,4426.63,4470.38,4470.38,0
2019-03-18,4473.05,4497.89,4438.16,4464.08,4464.08,0
2019-03-19,4489.99,4511.13,4482.38,4499.18,4499.18,0
2019-03-20,4501.29,4510.62,4443.05,4477.03,4477.03,0
2019-03-21,4482.79,4623.09,4482.79,4606.49,4606.49,0
2019-03-22,4581.35,4589.21,4477.08,4479.02,4479.02,0
2019-03-25,4452.94,4483.55,4415.95,4451.76,4451.76,0
2019-03-26,4495.6,4517.75,4455.74,4481.2,4481.2,0
2019-03-27,4488.09,4494.37,4389.85,4422.85,4422.85,0
2019-03-28,4433.09,4459.24,4397.8,4427.83,4427.83,0
2019-03-29,4475.91,4497.59,4462.71,4493.19,4493.19,0
2019-04-01,4554.98,4598.28,4536.01,4594.98,4594.98,0
2019-04-02,4596.77,4616.38,4580.43,4610.92,4610.92,0
2019-04-03,4660.3,4720.79,4657.64,4688.71,4688.71,0
2019-04-04,4683.3,4705.18,4633.88,4665.77,4665.77,0
2019-04-05,4690.49,4702.55,4674.01,4701.34,4701.34,0
2019-04-08,4692.85,4718.69,4665.21,4717.32,4717.32,0
2019-04-09,4707.08,4711.65,4682.78,4691.03,4691.03,0
2019-04-10,4694.05,4728.92,4690.55,4722.58,4722.58,0
2019-04-11,4729.88,4742.66,4710.83,4719.14,4719.14,0
2019-04-12,4756.36,4766.14,4736.94,4766.14,4766.14,0
2019-04-15,4766.59,4768.44,4721.21,4749.9,4749.9,0
2019-04-16,4772.36,4810.47,4769.29,4809.8,4809.8,0
2019-04-17,4862.51,4870.26,4802.35,4820.6,4820.6,0
2019-04-18,4814.6,4815.43,4774.98,4813.08,4813.08,0
2019-04-22,4795.93,4817.8,4785.47,4814.44,4814.44,0
2019-04-23,4834.54,4881.49,4832.99,4871.51,4871.51,0
2019-04-24,4874.99,4917.58,4871.33,4880.48,4880.48,0
2019-04-25,4891.15,4894.02,4807.35,4848.49,4848.49,0
2019-04-26,4795.53,4845.16,4760.28,4844.76,4844.76,0
2019-04-29,4841.84,4862.86,4830.27,4843.09,4843.09,0
2019-04-30,4835.67,4871.5,4814.96,4867.45,4867.45,0
2019-05-01,4905.25,4919.31,4822.01,4822.67,4822.67,0
2019-05-02,4821.26,4886.81,4799.38,4832.0,4832.0,0
2019-05-03,4841.09,4864.31,4819.99,4862.38,4862.38,0
2019-05-06,4711.33,4808.79,4709.88,4802.2,4802.2,0
2019-05-07,4734.07,4750.6,4637.02,4681.5,4681.5,0
2019-05-08,4653.14,4700.12,4641.35,4659.45,4659.45,0
2019-05-09,4585.82,4648.74,4535.14,4631.5,4631.5,0
2019-05-10,4589.12,4651.09,4523.61,4630.48,4630.48,0
2019-05-13,4490.78,4524.8,4422.03,4434.77,4434.77,0
2019-05-14,4470.65,4546.61,4465.89,4521.76,4521.76,0
2019-05-15,4484.42,4593.27,4482.96,4574.65,4574.65,0
2019-05-16,4552.68,4620.12,4546.55,4586.11,4586.11,0
2019-05-17,4523.25,4593.83,4502.37,4511.41,4511.41,0
2019-05-20,4408.05,4429.01,4359.62,4380.02,4380.02,0
2019-05-21,4450.0,4471.29,4432.01,4459.25,4459.25,0
2019-05-22,4410.81,4439.88,4406.52,4415.93,4415.93,0
2019-05-23,4338.02,4343.55,4299.17,4337.08,4337.08,0
2019-05-24,4363.88,4383.05,4323.43,4326.57,4326.57,0
2019-05-28,4344.17,4369.7,4305.7,4307.41,4307.41,0
2019-05-29,4263.54,4306.38,4252.72,4283.21,4283.21,0
2019-05-30,4295.2,4328.79,4277.23,4307.41,4307.41,0
2019-05-31,4247.3,4287.28,4236.71,4237.28,4237.28,0
2019-06-03,4255.18,4264.98,4145.45,4170.02,4170.02,0
2019-06-04,4230.68,4322.79,4199.29,4320.98,4320.98,0
2019-06-05,4359.99,4372.12,4279.17,4329.21,4329.21,0
2019-06-06,4338.55,4388.83,4321.69,4375.45,4375.45,0
2019-06-07,4398.04,4453.16,4390.15,4435.8,4435.8,0
2019-06-10,4485.72,4559.51,4485.48,4515.88,4515.88,0
2019-06-11,4575.91,4580.52,4495.7,4517.51,4517.51,0
2019-06-12,4487.38,4491.44,4454.86,4460.17,4460.17,0
2019-06-13,4478.9,4491.66,4460.06,4475.38,4475.38,0
2019-06-14,4406.04,4424.22,4389.79,4408.86,4408.86,0
2019-06-17,4419.07,4431.28,4395.94,4399.4,4399.4,0
2019-06-18,4455.8,4551.53,4446.76,4517.64,4517.64,0
2019-06-19,4540.6,4561.02,4515.98,4546.38,4546.38,0
2019-06-20,4635.58,4639.59,4571.06,4605.66,4605.66,0
2019-06-21,4590.75,4617.94,4576.12,4582.63,4582.63,0
2019-06-24,4592.85,4601.59,4576.42,4581.64,4581.64,0
2019-06-25,4586.91,4588.5,4501.04,4502.13,4502.13,0
2019-06-26,4575.17,4612.51,4575.1,4585.47,4585.47,0
2019-06-27,4610.87,4647.41,4606.03,4635.1,4635.1,0
2019-06-28,4667.95,4675.9,4635.81,4660.72,4660.72,0
2019-07-01,4814.3,4827.81,4736.92,4766.31,4766.31,362000
2019-07-02,4753.73,4758.42,4720.25,4747.96,4747.96,231800
2019-07-03,4768.48,4768.48,4768.48,4768.48,4768.48,194500
2019-07-05,4729.66,4763.38,4700.85,4757.68,4757.68,204900
2019-07-08,4722.86,4757.68,4709.86,4734.41,4734.41,254300
2019-07-09,4704.75,4771.74,4704.7,4767.52,4767.52,269400
2019-07-10,4804.3,4850.86,4793.79,4812.35,4812.35,309600
2019-07-11,4826.71,4835.42,4795.43,4823.99,4823.99,274200
2019-07-12,4839.0,4880.84,4836.96,4879.65,4879.65,257500
2019-07-15,4874.35,4888.5,4855.76,4876.39,4876.39,273500
2019-07-16,4857.29,4857.29,4810.04,4822.5,4822.5,266500
2019-07-17,4837.99,4855.87,4819.9,4820.15,4820.15,222300
2019-07-18,4812.64,4880.02,4812.25,4868.73,4868.73,261100
2019-07-19,4883.89,4894.32,4835.08,4836.33,4836.33,297400
2019-07-22,4866.72,4917.52,4866.72,4906.49,4906.49,0
2019-07-23,4923.34,4948.95,4900.77,4948.62,4948.62,241800
2019-07-24,4956.97,5033.05,4955.98,5026.65,5026.65,295100
2019-07-25,4989.89,4990.57,4954.21,4961.36,4961.36,274900
2019-07-26,4992.14,5000.26,4971.0,4971.76,4971.76,248800
2019-07-29,4963.93,4967.19,4903.06,4952.96,4952.96,227800
2019-07-30,4906.71,4952.87,4905.21,4937.59,4937.59,226900
2019-07-31,4917.31,4918.67,4765.01,4811.69,4811.69,422100
2019-08-01,4821.15,4924.92,4726.34,4762.81,4762.81,425800
2019-08-02,4695.55,4712.99,4629.25,4655.56,4655.56,356000
2019-08-05,4525.94,4534.65,4434.46,4469.97,4469.97,427900
2019-08-06,4530.69,4562.89,4481.23,4531.81,4531.81,317500
2019-08-07,4480.18,4563.46,4470.76,4550.56,4550.56,321600
2019-08-08,4607.55,4698.96,4589.67,4697.93,4697.93,410800
2019-08-09,4660.71,4668.9,4598.87,4632.22,4632.22,360200
2019-08-12,4598.51,4612.03,4540.8,4563.88,4563.88,0
2019-08-13,4563.88,4717.5,4545.16,4691.09,4691.09,380000
2019-08-14,4585.95,4613.0,4522.52,4545.62,4545.62,390100
2019-08-15,4550.69,4566.95,4496.01,4532.78,4532.78,327000
2019-08-16,4572.37,4632.58,4572.37,4623.81,4623.81,0
2019-08-19,4712.44,4725.2,4674.64,4700.18,4700.18,0
2019-08-20,4690.71,4705.83,4660.14,4665.59,4665.59,0
2019-08-21,4710.97,4728.42,4691.95,4707.48,4707.48,0
2019-08-22,4718.98,4729.64,4663.02,4704.5,4704.5,0
2019-08-23,4669.02,4715.87,4532.34,4544.77,4544.77,0
2019-08-26,4600.77,4605.18,4572.11,4595.86,4595.86,0
2019-08-27,4631.84,4643.25,4558.4,4581.85,4581.85,0
2019-08-28,4547.07,4594.55,4516.43,4586.79,4586.79,213600
2019-08-29,4654.85,4699.62,4652.2,4678.04,4678.04,220300
2019-08-30,4715.39,4721.8,4663.66,4693.41,4693.41,227700
2019-09-03,4652.07,4675.63,4613.57,4636.64,4636.64,215400
2019-09-04,4705.54,4733.32,4704.25,4728.99,4728.99,236300
2019-09-05,4812.64,4878.42,4812.64,4850.05,4850.05,311300
2019-09-06,4856.1,4879.08,4833.53,4853.44,4853.44,247400
2019-09-09,4883.44,4889.67,4833.59,4857.65,4857.65,269600
2019-09-10,4833.14,4853.68,4803.55,4852.83,4852.83,272100
2019-09-11,4866.33,4914.43,4855.11,4914.34,4914.34,289300
2019-09-12,4941.75,4969.14,4908.78,4919.54,4919.54,270000
2019-09-13,4920.92,4932.11,4894.9,4901.77,4901.77,246500
2019-09-16,4854.95,4895.81,4843.29,4880.34,4880.34,202900
2019-09-17,4870.73,4901.1,4856.48,4898.88,4898.88,195800
2019-09-18,4887.84,4897.07,4829.89,4895.12,4895.12,223500
2019-09-19,4904.62,4928.1,4873.31,4877.92,4877.92,219600
2019-09-20,4879.84,4886.55,4798.48,4817.57,4817.57,433900
2019-09-23,4810.44,4849.89,4803.98,4830.13,4830.13,209600
2019-09-24,4853.31,4860.73,4728.66,4747.31,4747.31,323300
2019-09-25,4730.01,4834.99,4697.41,4822.61,4822.61,260800
2019-09-26,4825.09,4852.14,4795.32,4836.17,4836.17,228500
2019-09-27,4821.2,4825.48,4694.39,4731.77,4731.77,307800
2019-09-30,4747.6,4786.06,4735.2,4771.68,4771.68,226100
2019-10-01,4800.04,4827.67,4707.91,4719.83,4719.83,265600
2019-10-02,4672.11,4682.0,4617.14,4646.22,4646.22,286400
2019-10-03,4648.34,4714.44,4592.78,4711.69,4711.69,263000
2019-10-04,4737.42,4789.64,4731.57,4786.63,4786.63,217500
2019-10-07,4774.02,4804.59,4763.99,4764.9,4764.9,202500
2019-10-08,4715.0,4719.54,4642.19,4642.53,4642.53,256000
2019-10-09,4701.48,4735.08,4688.74,4712.53,4712.53,183200
2019-10-10,4708.95,4778.9,4708.39,4749.27,4749.27,216500
2019-10-11,4831.75,4888.44,4826.66,4842.0,4842.0,314400
2019-10-14,4835.49,4853.02,4825.67,4844.24,4844.24,184300
2019-10-15,4862.96,4936.89,4862.02,4923.56,4923.56,233600
2019-10-16,4875.63,4891.08,4848.82,4859.83,4859.83,231900
2019-10-17,4898.25,4906.0,4841.57,4864.06,4864.06,192400
2019-10-18,4851.88,4863.49,4775.2,4808.76,4808.76,249000
2019-10-21,4850.21,4863.32,4832.89,4860.13,4860.13,0
